probe_ID,parent,derived,align_chr,align_start,bowtie,on_target,parent_gc,derived_gc,parent_len,derived_len,parent_AA,derived_AA,parent_AT,derived_AT,parent_AG,derived_AG,parent_AC,derived_AC,parent_TA,derived_TA,parent_TT,derived_TT,parent_TG,derived_TG,parent_TC,derived_TC,parent_GA,derived_GA,parent_GT,derived_GT,parent_GG,derived_GG,parent_GC,derived_GC,parent_CA,derived_CA,parent_CT,derived_CT,parent_CG,derived_CG,parent_CC,derived_CC,duplex_pred
0,chrIV:1-30|0,ACACCACACCCACACCACACCCACACACAC,GTGTGTGTGGGTGTGGTGTGGGTGTGGTGT,chrIV,1,60,1,60.0,60.0,30,30,0,0,0,0,0,0,12,0,0,0,0,0,0,11,0,0,0,0,0,12,0,4,0,0,11,0,0,0,0,0,4,0,95.21059
1,chrIV:1-30|0,ACACCACACCCACACCACACCCACACACAC,NNGTGTGTGGGTGTGGTGTGGGTGTGGTGT,chrIII,6,56,0,60.0,56.666666666666664,30,30,0,0,0,0,0,0,12,0,0,0,0,0,0,10,0,0,0,0,0,11,0,4,0,0,11,0,0,0,0,0,4,0,92.5555
2,chrIV:1-30|0,ACACCACACCCACACCACACCCACACACAC,NNGTGTGTGGGTGTGGTGTGGGTGTGGTGT,chrIII,63,56,0,60.0,56.666666666666664,30,30,0,0,0,0,0,0,12,0,0,0,0,0,0,10,0,0,0,0,0,11,0,4,0,0,11,0,0,0,0,0,4,0,92.5555
3,chrIV:1-30|0,ACACCACAC-CCACACCACACCCACACACAC,GTGTGTGTGGGTGTGGTGTGGTGTGTGGTGT,chrI,29,52,0,58.064516129032256,58.064516129032256,31,31,0,0,0,0,0,0,12,0,0,0,0,0,0,12,0,0,0,0,0,13,0,4,0,0,11,0,0,0,0,0,4,0,89.7435
4,chrIV:1-30|0,ACACCACACCCACACCACACCCACACACAC,GTGGGTGTGGGTGTGGTGTGGGTGTGGTGT,chrIII,182,52,0,60.0,63.333333333333336,30,30,0,0,0,0,0,0,12,0,0,0,0,0,0,10,0,0,0,0,0,11,0,5,0,0,11,0,0,0,0,0,4,0,87.24662
5,chrIV:1-30|0,ACACCACACCCACACCACACCCACACACAC,GTGGGTGTGGGTGTGGTGTGGGTGTGGTGT,chrIII,322,52,0,60.0,63.333333333333336,30,30,0,0,0,0,0,0,12,0,0,0,0,0,0,10,0,0,0,0,0,11,0,5,0,0,11,0,0,0,0,0,4,0,87.24662
6,chrIV:1-30|0,ACACCACACCCACACCACACCCACACACAC,NNGTGTGTGGGTGTGGTGTGGGTGTGNNNN,chrIII,273,48,0,60.0,50.0,30,30,0,0,0,0,0,0,12,0,0,0,0,0,0,9,0,0,0,0,0,9,0,3,0,0,11,0,0,0,0,0,4,0,81.05568
7,chrIV:31-60|0,CACACCCACACACCACACCCACACCCACAC,GTGTGGGTGTGGGTGTGGTGTGTGGGTGTG,chrIII,203,60,0,63.333333333333336,63.333333333333336,30,30,0,0,0,0,0,0,11,0,0,0,0,0,0,11,0,0,0,0,0,11,0,4,0,0,11,0,0,0,0,0,4,0,94.15095
8,chrIV:31-60|0,CACACCCACACACCACACCCACACCCACAC,GTGTGGGTGTGGGTGTGGTGTGTGGGTGTG,chrIV,117,60,0,63.333333333333336,63.333333333333336,30,30,0,0,0,0,0,0,11,0,0,0,0,0,0,11,0,0,0,0,0,11,0,4,0,0,11,0,0,0,0,0,4,0,94.15095
9,chrIV:31-60|0,CACACCCACACACCACACCCACACCCACAC,GTGTGGGTGTGGGTGTGGTGTGTGGGTGTG,chrIV,31,60,1,63.333333333333336,63.333333333333336,30,30,0,0,0,0,0,0,11,0,0,0,0,0,0,11,0,0,0,0,0,11,0,4,0,0,11,0,0,0,0,0,4,0,94.15095
10,chrIV:31-60|0,CACACCCACACACCACACCCACACCCACAC,GTGTGTGTGTGGGTGTGGTGTGTGGGTGTG,chrIII,136,52,0,63.333333333333336,60.0,30,30,0,0,0,0,0,0,11,0,0,0,0,0,0,12,0,0,0,0,0,12,0,3,0,0,11,0,0,0,0,0,4,0,89.78433
11,chrIV:31-60|0,CACACCCACACACCACACC--CACACCCACAC,GTGTGGGTGTGTGGGTGTGGTGTGTGGGTGTG,chrIII,284,49,0,59.375,62.5,32,32,0,0,0,0,0,0,11,0,0,0,0,0,0,12,0,0,0,0,0,12,0,4,0,0,11,0,0,0,0,0,4,0,78.75206
12,chrIV:31-60|0,CACACCCACACACCACACCCACACCCACAC,NNGTGTGTGTGGGTGTGGTGTGTGGGTGTG,chrIII,235,48,0,63.333333333333336,56.666666666666664,30,30,0,0,0,0,0,0,11,0,0,0,0,0,0,11,0,0,0,0,0,11,0,3,0,0,11,0,0,0,0,0,4,0,86.11471
13,chrIV:31-60|0,CACACCCACACACCACACCCACACCCACAC,NNGTGTGTGTGGGTGTGGTGTGTGGGTGTG,chrIII,92,48,0,63.333333333333336,56.666666666666664,30,30,0,0,0,0,0,0,11,0,0,0,0,0,0,11,0,0,0,0,0,11,0,3,0,0,11,0,0,0,0,0,4,0,86.11471
14,chrIV:61-90|0,ACCCACACCCACACACCACACACCACACCA,TGGTGTGGTGTGTGGTGTGTGGGTGTGGGT,chrIV,61,60,1,60.0,60.0,30,30,0,0,0,0,0,0,11,0,0,0,0,0,0,11,0,0,0,0,0,11,0,5,0,0,11,0,0,0,0,0,5,0,95.30972
15,chrIV:61-90|0,ACCCACACCCACACACCACACACCACACCA,NGGTGTGG-GTGTGGTGTGTGGGTGTGGGT,chrIV,114,48,0,60.0,60.0,30,30,0,0,0,0,0,0,11,0,0,0,0,0,0,9,0,0,0,0,0,10,0,5,0,0,11,0,0,0,0,0,5,0,82.72425
16,chrIV:61-90|0,ACCCACACCCACACACCACACACCACACCA,NGGTGTGG-GTGTGGTGTGTGGGTGTGGGT,chrIII,200,48,0,60.0,60.0,30,30,0,0,0,0,0,0,11,0,0,0,0,0,0,9,0,0,0,0,0,10,0,5,0,0,11,0,0,0,0,0,5,0,82.72425
17,chrIV:100-129|0,CACACCCACACCACACCCACACCCACACAC,GTGTGTGGGTGTGGGTGTGGTGTGGGTGTG,chrIV,100,60,1,63.333333333333336,63.333333333333336,30,30,0,0,0,0,0,0,11,0,0,0,0,0,0,11,0,0,0,0,0,11,0,4,0,0,11,0,0,0,0,0,4,0,94.15095
18,chrIV:100-129|0,CACACCCACACCACACCCACACCCACACAC,GTGTGTGGGTGTGGGTGTGGTGTGGGTGTG,chrIII,186,60,0,63.333333333333336,63.333333333333336,30,30,0,0,0,0,0,0,11,0,0,0,0,0,0,11,0,0,0,0,0,11,0,4,0,0,11,0,0,0,0,0,4,0,94.15095
19,chrIV:100-129|0,CACACCCACACCACACCCACACCCACACAC,GTGTGTGGGTGTGGGTGTGGTGTGGGTGTG,chrIII,326,60,0,63.333333333333336,63.333333333333336,30,30,0,0,0,0,0,0,11,0,0,0,0,0,0,11,0,0,0,0,0,11,0,4,0,0,11,0,0,0,0,0,4,0,94.15095
20,chrIV:100-129|0,CACACCCACACCACACCCACAC-CCACACAC,GTGTGTGGTGTGTGGGTGTGGTGTGGGTGTG,chrIII,10,52,0,61.29032258064516,61.29032258064516,31,31,0,0,0,0,0,0,11,0,0,0,0,0,0,12,0,0,0,0,0,12,0,4,0,0,11,0,0,0,0,0,4,0,86.112366
21,chrIV:100-129|0,CACACC--CACACCACACCCACACCCACACAC,GTGTGTGGGTGTGGGTGTGGTGTGTGGGTGTG,chrIV,31,49,0,59.375,62.5,32,32,0,0,0,0,0,0,11,0,0,0,0,0,0,12,0,0,0,0,0,12,0,4,0,0,11,0,0,0,0,0,4,0,78.75206
22,chrIV:100-129|0,CACACC--CACACCACACCCACACCCACACAC,GTGTGTGGGTGTGGGTGTGGTGTGTGGGTGTG,chrIV,117,49,0,59.375,62.5,32,32,0,0,0,0,0,0,11,0,0,0,0,0,0,12,0,0,0,0,0,12,0,4,0,0,11,0,0,0,0,0,4,0,78.75206
23,chrIV:100-129|0,CACACCCACACCACACCCACAC-CCACACAC,NNGTGTGGTGTGTGGGTGTGGTGTGGGTGTG,chrIII,273,48,0,61.29032258064516,58.064516129032256,31,31,0,0,0,0,0,0,11,0,0,0,0,0,0,11,0,0,0,0,0,11,0,4,0,0,11,0,0,0,0,0,4,0,84.13203
24,chrIV:130-159|0,CACACCCACACCCACACACCACACACTACC,GGTAGTGTGTGGTGTGTGGGTGTGGGTGTG,chrIV,130,60,1,60.0,60.0,30,30,0,0,0,0,0,1,11,0,1,1,0,0,0,10,0,0,0,0,0,11,0,4,0,0,10,0,1,0,0,0,4,0,95.86478
25,chrIV:130-159|0,CACACCCACACCCACACACCACACACTACC,NNNNGTGTGTGGTGTGTGGGTGTGGGTGTG,chrIV,58,52,0,60.0,53.333333333333336,30,30,0,0,0,0,0,0,11,0,1,0,0,0,0,10,0,0,0,0,0,10,0,3,0,0,10,0,1,0,0,0,4,0,90.08317
26,chrIV:130-159|0,CACACCCACACCCACACACCACACACTACC,NNNNNNGTGTGGTGTGTGGGTGTGGGTGTG,chrIII,197,48,0,60.0,50.0,30,30,0,0,0,0,0,0,11,0,1,0,0,0,0,9,0,0,0,0,0,9,0,3,0,0,10,0,1,0,0,0,4,0,80.75076
27,chrIV:130-159|0,CACACCCACACCCACACACCACACACTACC,NNNNNNGTGTGGTGTGTGGGTGTGGGTGTG,chrIV,111,48,0,60.0,50.0,30,30,0,0,0,0,0,0,11,0,1,0,0,0,0,9,0,0,0,0,0,9,0,3,0,0,10,0,1,0,0,0,4,0,80.75076
28,chrIV:130-159|0,CACACCCACACCCACACACCACACACTACC,NNNNNNGTGTGGTGTGTGGGTGTGGGTGTG,chrIII,130,48,0,60.0,50.0,30,30,0,0,0,0,0,0,11,0,1,0,0,0,0,9,0,0,0,0,0,9,0,3,0,0,10,0,1,0,0,0,4,0,80.75076
29,chrIV:130-159|0,CACACCCACACCCACACACCACACACTACC,NNNNNNGTGTGGTGTGTGGGTGTGGGTGTG,chrIII,86,48,0,60.0,50.0,30,30,0,0,0,0,0,0,11,0,1,0,0,0,0,9,0,0,0,0,0,9,0,3,0,0,10,0,1,0,0,0,4,0,80.75076
30,chrIV:179-214|0,AACCCTGATTTTACCTGTCTCCAAACCTACCCTCAC,GTGAGGGTAGGTTTGGAGACAGGTAAAATCAGGGTT,chrIV,179,72,1,47.22222222222222,47.22222222222222,36,36,2,2,1,1,0,5,5,1,2,2,2,2,2,2,3,1,1,3,1,5,0,5,0,0,2,2,5,0,0,0,5,0,100.0
31,chrIV:215-244|0,ATTACCCTACCTCCCCACTCGTTACCCTGC,GCAGGGTAACGAGTGGGGAGGTAGGGTAAT,chrIV,215,60,1,56.666666666666664,56.666666666666664,30,30,0,2,1,1,0,4,4,1,3,3,2,0,1,1,2,0,0,2,1,4,0,5,1,1,1,1,4,0,1,1,5,0,96.7275
32,chrIV:245-274|0,CCCACTCAACCATCCACTCCCAACCACCAT,ATGGTGGTTGGGAGTGGATGGTTGAGTGGG,chrIV,245,60,1,56.666666666666664,56.666666666666664,30,30,2,0,2,2,0,2,5,0,0,0,0,2,0,7,3,0,0,3,0,5,0,6,0,0,7,0,2,0,0,0,6,0,100.0
33,chrIV:275-309|0,CCATCTCTCTACTTACCACTAACCACCGTCCACCA,TGGTGGACGGTGGTTAGTGGTAAGTAGAGAGATGG,chrIV,275,70,1,51.42857142857143,51.42857142857143,35,35,1,1,1,1,0,5,6,1,3,3,1,1,0,5,4,0,0,4,1,6,0,6,0,0,5,0,5,0,1,1,6,0,100.0
34,chrIV:311-346|0,AACCGTTACCCTCCAATTACCCATATCCAACTCCAC,GTGGAGTTGGATATGGGTAATTGGAGGGTAACGGTT,chrIV,311,72,1,47.22222222222222,47.22222222222222,36,36,3,2,3,3,0,2,5,1,3,3,2,3,0,4,3,0,0,3,1,5,0,6,0,0,4,0,2,0,1,1,6,0,100.0
35,chrIV:311-346|0,AACCGTTACCCTCCAATTACCCATATCCAACTCCAC,GTGG-GTTGGATATGGGTAATTGGAGGGTAACGGTN,chrI,215,60,0,47.22222222222222,47.22222222222222,36,36,3,2,3,3,0,1,5,1,3,3,2,2,0,4,3,0,0,2,1,5,0,6,0,0,4,0,2,0,1,1,6,0,96.04895
36,chrIV:348-384|0,ACCACTTACCCTACTATTACCCTACCATCCACCATGT,ACATGGTGGATGGTAGGGTAATAGTAGGGTAAGTGGT,chrIV,348,74,1,45.945945945945944,45.945945945945944,37,37,0,2,3,3,0,4,7,1,5,5,2,0,1,4,1,0,0,1,1,7,0,6,0,0,4,1,4,0,0,0,6,0,100.0
37,chrIV:348-384|0,ACCACTTACCCTACTATTACCCTACCATCCACCATGT,NCATGGTGGATGGTAGGGTAATGGTAGGGTAAGTGGN,chrI,251,62,0,45.945945945945944,48.648648648648646,37,37,0,2,3,3,0,3,7,0,5,4,2,0,1,5,1,0,0,1,1,6,0,7,0,0,4,1,4,0,0,0,6,0,94.93697
38,chrIV:456-491|0,ACTTACCCTACCACTCTATACCACCACTACCACCAC,GTGGTGGTAGTGGTGGTATAGAGTGGTAGGGTAAGT,chrIV,456,72,1,50.0,50.0,36,36,0,1,1,1,0,5,10,0,5,5,1,0,0,5,1,0,0,1,0,10,0,6,0,0,5,0,5,0,0,0,6,0,100.0
39,chrIV:492-521|0,CGCCACTTGCCACACTCACCTTCACTTCTA,TAGAAGTGAAGGTGAGTGTGGCAAGTGGCG,chrIV,492,60,1,53.333333333333336,53.333333333333336,30,30,0,3,0,0,0,5,5,0,1,1,3,0,1,5,3,0,0,3,0,5,0,3,2,2,5,1,5,0,1,1,3,0,100.0
40,chrIV:566-602|0,AAACTTACCCTACTTTCATATTCCACACCATGGCCCC,GGGGCCATGGTGTGGAATATGAAAGTAGGGTAAGTTT,chrIV,566,74,1,45.945945945945944,45.945945945945944,37,37,1,3,3,3,0,3,5,0,3,3,3,1,1,4,2,0,0,2,0,5,1,5,1,1,4,1,3,0,0,0,5,1,100.0
41,chrIV:566-602|0,AAACTTACCCTACTTTCATATTCCACACCATGGCCCC,NNNNNNATGGAGTGGAATATGAAAGTAGGGTAAGTTT,chrIII,762,54,0,45.945945945945944,29.72972972972973,37,37,1,3,3,3,0,4,5,0,3,3,3,1,1,3,2,0,0,3,0,4,1,3,1,0,4,0,3,0,0,0,5,0,34.767693
42,chrIV:619-655|0,TACCAAATGCACTCACATCATTATTCACGGCACTTGC,GCAAGTGCCGTGAATAATGATGTGAGTGCATTTGGTA,chrIV,619,74,1,43.24324324324324,43.24324324324324,37,37,1,3,4,4,0,2,5,0,2,2,3,1,2,7,3,0,0,3,0,5,1,1,3,3,7,2,2,0,1,1,1,1,100.0
43,chrIV:619-655|0,TACCAAATGCACTCACATCATTATTCACGGCACTTGC,GCAAGTGCCGTGCATAATGATGTGAGTGCATTTGGTA,chrI,516,66,0,43.24324324324324,45.945945945945944,37,37,1,2,4,4,0,2,5,0,2,2,3,1,2,7,3,0,0,2,0,5,1,1,3,4,7,3,2,0,1,1,1,1,97.54738
44,chrIV:656-686|0,CTCAGCGGTCTATACCCTGTGCCATTTACGC,GCGTAAATGGCACAGGGTATAGACCGCTGAG,chrIII,850,62,0,54.83870967741935,54.83870967741935,31,31,0,1,2,2,1,3,2,2,3,3,1,0,2,2,2,0,0,2,2,2,1,2,3,3,2,2,3,1,2,2,2,1,100.0
45,chrIV:656-686|0,CTCAGCGGTCTATACCCTGTGCCATTTACGC,GCGTAAATGGCACAGGGTATAGACCGCTGAG,chrIV,656,62,1,54.83870967741935,54.83870967741935,31,31,0,1,2,2,1,3,2,2,3,3,1,0,2,2,2,0,0,2,2,2,1,2,3,3,2,2,3,1,2,2,2,1,100.0
46,chrIV:656-686|0,CTCAGCGGTCTATACCCTGTGCCATTTACGC,NNGTAAATGGCACAGGGTATAGACCGCTGAG,chrI,553,58,0,54.83870967741935,48.38709677419355,31,31,0,1,2,2,1,3,2,2,3,3,1,0,2,2,2,0,0,2,2,2,1,2,3,2,2,2,3,1,2,1,2,1,90.32139
47,chrIV:703-739|0,TCCACATTTTATTACCTATATCTCATTCGGCGGCCCC,GGGGCCGCCGAATGAGATATAGGTAATAAAATGTGGA,chrIV,703,74,1,45.945945945945944,45.945945945945944,37,37,0,4,5,5,0,2,2,0,4,4,4,0,0,3,4,0,0,4,0,2,2,4,2,2,3,0,2,0,2,2,4,2,98.945366
48,chrIV:1091-1120|0,TTTTACTGTAAGGGCTGCCATCCGCGCTCT,AGAGCGCGGATGGCAGCCCTTACAGTAAAA,chrIV,1091,60,1,53.333333333333336,53.333333333333336,30,30,1,2,1,1,1,4,1,1,2,2,2,1,2,1,2,0,0,2,1,1,1,2,4,4,1,2,4,1,2,2,2,1,100.0
49,chrIV:1151-1187|0,ATCTCAAAACAAGCGGGAGAAGTGCTAATTACCCAGA,TCTGGGTAATTAGCACTTCTCCCGCTTGTTTTGAGAT,chrIV,1151,74,1,43.24324324324324,43.24324324324324,37,37,5,1,2,2,4,2,2,1,2,2,1,5,1,3,2,3,3,2,1,2,1,1,2,2,3,1,2,4,1,1,1,1,99.636406
50,chrIV:1188-1220|0,GGTCATGCATGATCTGAGTACCACCGTACCTCT,AGAGGTACGGTGGTACTCAGATCATGCATGACC,chrIV,1188,66,1,51.515151515151516,51.515151515151516,33,33,0,0,3,3,1,3,3,3,2,2,0,0,3,3,3,2,2,3,3,3,1,3,1,1,3,3,3,1,1,1,3,1,99.20905
51,chrIV:1221-1257|0,AGGTTTTGCTTTGATCCGTTTTACAGTGACACCGAAC,GTTCGGTGTCACTGTAAAACGGATCAAAGCAAAACCT,chrIV,1221,74,1,43.24324324324324,43.24324324324324,37,37,1,5,1,1,2,1,4,3,1,1,5,1,3,2,1,3,3,1,3,4,1,2,1,1,2,3,1,2,2,2,2,1,100.0
52,chrIV:1260-1296|0,AAGGGGAAGCTATTGACATGGTATCGAAAGGTTGTCC,GGACAACCTTTCGATACCATGTCAATAGCTTCCCCTT,chrIV,1260,74,1,45.945945945945944,45.945945945945944,37,37,3,2,3,3,3,1,1,3,2,2,2,3,3,1,2,3,3,2,3,1,4,1,1,1,1,3,1,3,1,1,1,4,100.0
53,chrIV:1439-1475|0,TATGTATTTCATTCAAGCGGTAACCGCTGTACGAGCA,TGCTCGTACAGCGGTTACCGCTTGAATGAAATACATA,chrIV,1439,74,1,43.24324324324324,43.24324324324324,37,37,2,2,3,3,2,1,2,3,4,4,2,2,2,3,2,1,1,2,3,2,1,1,3,3,3,2,1,2,3,3,1,1,100.0
54,chrIV:1476-1512|0,GTGACATTGCTGGTCGCACCTTAAATGTAAACCAACG,CGTTGGTTTACATTTAAGGTGCGACCAGCAATGTCAC,chrIV,1476,74,1,45.945945945945944,45.945945945945944,37,37,3,2,2,2,0,2,4,3,2,2,2,3,4,3,1,1,1,1,3,4,1,2,2,2,3,4,2,0,2,2,2,1,99.875435
55,chrIV:1513-1544|0,TTACGGCACACCGTGATGTACCCGCATTAAAG,CTTTAATGCGGGTACATCACGGTGTGCCGTAA,chrIV,1513,64,1,50.0,50.0,32,32,1,2,2,2,1,0,4,2,3,3,2,1,2,3,0,1,1,0,2,4,1,2,2,2,3,2,0,1,3,3,2,1,100.0
56,chrIV:1626-1662|0,AGTTTCTTTGCCTAAAATAGCCCAACATTGTTGCCCT,AGGGCAACAATGTTGGGCTATTTTAGGCAAAGAAACT,chrIV,1626,74,1,40.54054054054054,40.54054054054054,37,37,3,4,2,2,2,3,1,2,2,2,4,3,3,2,1,0,0,1,2,1,0,3,3,3,2,3,3,2,0,0,3,0,100.0
57,chrIV:1664-1700|0,TTTCTATCACGAGGTTACTGAGCCATTGCATGAACGC,GCGTTCATGCAATGGCTCAGTAACCTCGTGATAGAAA,chrIV,1664,74,1,45.945945945945944,45.945945945945944,37,37,1,3,3,3,2,2,3,1,2,2,3,1,3,3,2,3,3,2,1,3,1,1,3,3,3,3,2,2,2,2,1,1,100.0
58,chrIV:1769-1799|0,AAAACCCCTCGAACTGCCATCTCACTACCGA,TCGGTAGTGAGATGGCAGTTCGAGGGGTTTT,chrIV,1769,62,1,51.61290322580645,51.61290322580645,31,31,3,0,1,1,0,4,4,0,1,1,0,3,1,2,3,2,2,3,0,4,0,4,1,1,2,1,4,0,2,2,4,0,100.0
59,chrIV:1832-1868|0,AGCGTAGATGTGTTATCCTTCAAACAGCTCGAATCCC,GGGATTCGAGCTGTTTGAAGGATAACACATCTACGCT,chrIV,1832,74,1,45.945945945945944,45.945945945945944,37,37,2,2,3,3,3,2,1,3,2,2,2,2,2,2,4,2,2,4,3,1,0,2,2,2,2,2,2,3,2,2,2,0,99.25098
60,chrIV:1934-1970|0,AAGTCCTTAGCGTTTCGCATCTGGATGCTATTATGGC,GCCATAATAGCATCCAGATGCGAAACGCTAAGGACTT,chrIV,1934,74,1,45.945945945945944,45.945945945945944,37,37,1,3,4,4,2,3,0,2,3,3,3,1,3,1,3,1,1,3,2,0,2,1,4,4,1,3,3,2,2,2,1,2,100.0
61,chrIV:1972-2007|0,ACCACTTAGCGTCTGGTGGAAACTTTCCAACAATTG,CAATTGTTGGAAAGTTTCCACCAGACGCTAAGTGGT,chrIV,1972,72,1,44.44444444444444,44.44444444444444,36,36,3,3,1,1,1,3,4,2,1,1,3,3,3,3,2,1,1,2,2,4,2,2,1,1,3,3,3,1,1,1,2,2,100.0
62,chrIV:2013-2049|0,ACCCACTTATAGTTTCACTTCTGGTCCTGTTTCTGGG,CCCAGAAACAGGACCAGAAGTGAAACTATAAGTGGGT,chrIV,2013,74,1,45.945945945945944,45.945945945945944,37,37,0,4,1,1,1,5,3,3,2,2,4,0,3,2,4,0,0,4,3,3,2,2,0,0,2,3,5,1,0,0,2,2,100.0
63,chrIV:2138-2174|0,AACACACCAAGTTCTGATCCTCATGATTGGGAAGTCG,CGACTTCCCAATCATGAGGATCAGAACTTGGTGTGTT,chrIV,2138,74,1,45.945945945945944,45.945945945945944,37,37,3,2,3,3,2,2,3,2,0,0,2,3,3,4,4,3,3,4,2,3,1,2,0,0,4,3,2,2,1,1,2,1,99.89593
64,chrIV:2308-2344|0,AGCTGCCAAGGTTAAGTCATTTAAGGATTCTGTCCCT,AGGGACAGAATCCTTAAATGACTTAACCTTGGCAGCT,chrIV,2308,74,1,43.24324324324324,43.24324324324324,37,37,3,3,2,2,4,3,0,3,2,2,3,3,2,2,3,1,1,3,3,0,2,2,2,2,2,2,3,4,0,0,2,2,100.0
65,chrIV:2349-2385|0,TCGAAGAGGCTTTGCAAGTGTATGCTACAGGATTTGA,TCAAATCCTGTAGCATACACTTGCAAAGCCTCTTCGA,chrIV,2349,74,1,43.24324324324324,43.24324324324324,37,37,2,2,2,2,4,2,1,2,2,2,2,2,4,2,1,4,4,1,2,1,2,0,3,3,2,4,2,4,1,1,0,2,100.0
66,chrIV:2413-2442|0,AAAATCATGGAGCCCTGTTGGCCTGGAAGA,TCTTCCAGGCCAACAGGGCTCCATGATTTT,chrIV,2413,60,1,50.0,50.0,30,30,3,1,2,2,2,2,0,1,0,0,1,3,4,1,1,3,3,1,1,0,3,2,2,2,1,4,2,2,0,0,2,3,100.0
67,chrIV:2443-2477|0,CGTTCAGCTTCCCAAGGATATTCATCGGTCCAAGC,GCTTGGACCGATGAATATCCTTGGGAAGCTGAACG,chrIV,2443,70,1,51.42857142857143,51.42857142857143,35,35,2,3,3,3,3,1,0,2,1,1,3,2,0,4,5,1,1,5,2,0,2,2,2,2,4,0,1,3,2,2,2,2,100.0
68,chrIV:2564-2600|0,TTTTGCCTTGCATTTCGTATCTTGTGTCCTGGATTGT,ACAATCCAGGACACAAGATACGAAATGCAAGGCAAAA,chrIV,2564,74,1,40.54054054054054,40.54054054054054,37,37,0,6,3,3,0,3,0,4,1,1,6,0,6,1,3,1,1,3,4,0,1,2,2,2,1,6,3,0,1,1,2,1,100.0
69,chrIV:2605-2641|0,CCTCATGATGGTGTGGCTTTTCCAAAATATGAGGACG,CGTCCTCATATTTTGGAAAAGCCACACCATCATGAGG,chrIV,2605,74,1,45.945945945945944,45.945945945945944,37,37,2,2,4,4,1,2,1,2,1,1,2,2,5,2,2,3,3,2,2,1,3,2,1,1,2,5,2,1,1,1,2,3,100.0
70,chrIV:2693-2728|0,ATAAATGAGCAAGAAAGTGGTGCGAATGGATGGGAC,GTCCCATCCATTCGCACCACTTTCTTGCTCATTTAT,chrIV,2693,72,1,44.44444444444444,44.44444444444444,36,36,4,0,4,4,3,0,1,2,1,1,0,4,5,1,0,5,5,0,2,1,3,0,2,2,1,5,0,3,1,1,0,3,100.0
71,chrIV:2825-2858|0,AGCCACTTCTTCTACCGCCTTCTATCTGCAAAGA,TCTTTGCAGATAGAAGGCGGTAGAAGAAGTGGCT,chrIV,2825,68,1,47.05882352941177,47.05882352941177,34,34,1,3,1,1,2,6,2,0,2,2,3,1,1,2,4,1,1,4,0,2,0,3,3,3,2,1,6,2,1,1,3,0,100.0
72,chrIV:2893-2927|0,ATGGCCATATATTAAAGAAGCGCAATTGTCCCGCA,TGCGGGACAATTGCGCTTCTTTAATATATGGCCAT,chrIV,2893,70,1,42.857142857142854,42.857142857142854,35,35,3,2,5,5,2,0,0,1,3,3,2,3,2,3,1,1,1,1,1,0,1,2,4,4,3,2,0,2,2,2,2,1,100.0
73,chrIV:3035-3071|0,GGCGAGTGGACACTTTTATCAAGCGATTTATCATGCA,TGCATGATAAATCGCTTGATAAAAGTGTCCACTCGCC,chrIV,3035,74,1,43.24324324324324,43.24324324324324,37,37,1,3,4,4,2,1,2,1,2,2,3,1,2,4,2,3,3,2,1,2,2,0,3,3,4,2,1,2,2,2,0,2,100.0
74,chrIV:3288-3324|0,AGTACTATAAAATCTTTCCGTGCGCTCAAACGGAGGC,GCCTCCGTTTGAGCGCACGGAAAGATTTTATAGTACT,chrIV,3288,74,1,45.945945945945944,45.945945945945944,37,37,3,1,2,2,2,3,2,2,3,3,1,3,1,1,3,1,1,3,2,2,2,1,3,3,1,1,3,2,3,3,1,2,100.0
75,chrIV:3451-3487|0,AGCTTTAGTTTAACCCGTAGTTCGGGATACACTTCGG,CCGAAGTGTATCCCGAACTACGGGTTAAACTAAAGCT,chrIV,3451,74,1,45.945945945945944,45.945945945945944,37,37,1,4,1,1,3,2,3,3,4,4,4,1,0,1,2,1,1,2,3,3,2,1,1,1,1,0,2,3,3,3,1,2,100.0
76,chrIV:3575-3611|0,TGCTACTTTCATATCCTCCATTAAAGCGGGAGCTACC,GGTAGCTCCCGCTTTAATGGAGGATATGAAAGTAGCA,chrIV,3575,74,1,45.945945945945944,45.945945945945944,37,37,1,2,3,3,2,4,2,0,4,4,2,1,1,2,3,1,1,3,0,2,1,3,3,3,2,1,4,2,1,1,3,1,100.0
77,chrIV:3639-3675|0,CGAGTGGGTTAGTTACACTAGGTGAAGGATCGTTTGC,GCAAACGATCCTTCACCTAGTGTAACTAACCCACTCG,chrIV,3639,74,1,48.648648648648646,48.648648648648646,37,37,1,3,1,1,4,1,2,5,3,3,3,1,3,1,1,3,3,1,5,2,3,0,1,1,1,3,1,4,2,2,0,3,100.0
78,chrIV:3682-3718|0,ATGGTCAAGCCATTCACGGACATTGATAATAGCTGGG,CCCAGCTATTATCAATGTCCGTGAATGGCTTGACCAT,chrIV,3682,74,1,45.945945945945944,45.945945945945944,37,37,2,2,5,5,2,1,2,1,2,2,2,2,3,4,2,2,2,2,1,2,3,1,2,2,4,3,1,2,1,1,1,3,100.0
79,chrIV:3814-3850|0,TGTTTCTAACGGAACTGTATTAGACCATGCGCTCAGT,ACTGAGCGCATGGTCTAATACAGTTCCGTTAGAAACA,chrIV,3814,74,1,43.24324324324324,43.24324324324324,37,37,2,2,2,2,2,3,3,3,3,3,2,2,3,2,2,2,2,2,3,3,1,1,2,2,2,3,3,2,2,2,1,1,98.63212
80,chrIV:3912-3948|0,ATCACCACAAAGGAAATGGCGATTCTACAACAGGACC,GGTCCTGTTGTAGAATCGCCATTTCCTTTGTGGTGAT,chrIV,3912,74,1,45.945945945945944,45.945945945945944,37,37,3,1,3,3,2,1,5,0,1,1,1,3,1,5,2,3,3,2,0,5,3,2,1,1,5,1,1,2,1,1,2,3,99.392845
81,chrIV:4080-4116|0,TTTTAAAACGGATAACCACCAACCCTCGTCAGTGACT,AGTCACTGACGAGGGTTGGTGGTTATCCGTTTTAAAA,chrIV,4080,74,1,43.24324324324324,43.24324324324324,37,37,4,2,1,1,1,2,5,2,2,2,2,4,1,3,2,2,2,2,2,5,1,3,0,0,3,1,2,1,2,2,3,1,100.0
82,chrIV:4162-4198|0,TTCCTATCATGCGCCTCGAAACAACTTCCATAGTACG,CGTACTATGGAAGTTGTTTCGAGGCGCATGATAGGAA,chrIV,4162,74,1,45.945945945945944,45.945945945945944,37,37,2,2,3,3,1,3,3,1,3,3,2,2,1,3,4,1,1,4,1,3,0,3,2,2,3,1,3,1,3,3,3,0,99.55293
83,chrIV:4199-4229|0,TGCCTGCTACTGTGAGTAGTTTACTGCCGCA,TGCGGCAGTAAACTACTCACAGTAGCAGGCA,chrIV,4199,62,1,51.61290322580645,51.61290322580645,31,31,0,1,0,0,2,4,2,3,3,3,1,0,5,1,0,1,1,0,3,2,0,2,4,4,1,5,4,2,1,1,2,0,97.70676
84,chrIV:4235-4271|0,ACACTATACTGATTCAGCATCCATCAGTAAGTGCGCG,CGCGCACTTACTGATGGATGCTGAATCAGTATAGTGT,chrIV,4235,74,1,45.945945945945944,45.945945945945944,37,37,1,1,4,4,3,2,3,2,3,3,1,1,2,5,3,1,1,3,2,3,0,1,3,3,5,2,2,3,2,2,1,0,100.0
85,chrIV:4609-4645|0,TAACCCGGAATGGAAATTGTGCACAGTACATCAATGG,CCATTGATGTACTGTGCACAATTTCCATTCCGGGTTA,chrIV,4609,74,1,43.24324324324324,43.24324324324324,37,37,4,1,4,4,1,0,3,2,2,2,1,4,4,4,1,2,2,1,2,3,3,1,1,1,4,4,0,1,1,1,1,3,100.0
86,chrIV:4955-4991|0,CTTACTCGAGCTTTGAAATGAACAAGCCTAAACCGCC,GGCGGTTTAGGCTTGTTCATTTCAAAGCTCGAGTAAG,chrIV,4955,74,1,45.945945945945944,45.945945945945944,37,37,4,2,1,1,2,4,3,0,2,2,2,4,2,1,1,3,3,1,0,3,0,3,3,3,1,2,4,2,2,2,3,0,100.0
87,chrIV:5300-5336|0,TGAAGTAGAAGAGCAGTCAGGTAGAGTGGTTATCCCA,TGGGATAACCACTCTACCTGACTGCTCTTCTACTTCA,chrIV,5300,74,1,45.945945945945944,45.945945945945944,37,37,2,1,1,1,8,0,0,5,3,3,1,2,2,3,2,4,4,2,5,0,2,1,1,1,3,2,0,8,0,0,1,2,97.700935
88,chrIV:5337-5368|0,TCAGCCAGAACCTGTCCGTAAACAGGTTGTGG,CCACAACCTGTTTACGGACAGGTTCTGGCTGA,chrIV,5337,64,1,53.125,53.125,32,32,2,1,0,0,3,1,2,4,1,1,1,2,3,3,2,1,1,2,4,2,2,3,1,1,3,3,1,3,1,1,3,2,100.0
89,chrIV:5446-5482|0,TCTGAAAATATGCTTCGGTTCGAATCTGTGGTCTGCA,TGCAGACCACAGATTCGAACCGAAGCATATTTTCAGA,chrIV,5446,74,1,43.24324324324324,43.24324324324324,37,37,3,2,3,3,0,4,0,3,1,1,2,3,5,1,5,2,2,5,3,0,2,0,2,2,1,5,4,0,2,2,0,2,100.0
90,chrIV:5483-5518|0,GTGCAGCGTGTTGGTATTTTACCGACAGTTTTAGCG,CGCTAAAACTGTCGGTAAAATACCAACACGCTGCAC,chrIV,5483,72,1,47.22222222222222,47.22222222222222,36,36,0,5,1,1,3,0,2,5,3,3,5,0,3,2,0,1,1,0,5,2,1,1,3,3,2,3,0,3,3,3,1,1,100.0
91,chrIV:5521-5557|0,ATATGTATAGATCTGTCACGCTTGCAACATCGCGACA,TGTCGCGATGTTGCAAGCGTGACAGATCTATACATAT,chrIV,5521,74,1,43.24324324324324,43.24324324324324,37,37,1,1,5,5,1,2,3,2,3,3,1,1,3,4,3,2,2,3,2,3,0,0,3,3,4,3,2,1,3,3,0,0,100.0
92,chrIV:5652-5688|0,TCAATGTTGGCTTTGTTCTTCTGGAGAGGAATCAGCT,AGCTGATTCCTCTCCAGAAGAACAAAGCCAACATTGA,chrIV,5652,74,1,43.24324324324324,43.24324324324324,37,37,2,4,2,2,3,4,0,2,0,0,4,2,4,2,4,3,3,4,2,0,3,0,2,2,2,4,4,3,0,0,0,3,100.0
93,chrIV:5705-5737|0,TTTTCTCTGCTCGAGAGTCATCGCGACATTCCA,TGGAATGTCGCGATGACTCTCGAGCAGAGAAAA,chrIV,5705,66,1,48.484848484848484,48.484848484848484,33,33,0,3,2,2,2,3,1,1,0,0,3,0,1,3,6,3,3,6,1,1,0,1,2,2,3,1,3,2,3,3,1,0,100.0
94,chrIV:5738-5769|0,CACCCCGCGTTTTACGTGCACAGAATCTTTCG,CGAAAGATTCTGTGCACGTAAAACGCGGGGTG,chrIV,5738,64,1,53.125,53.125,32,32,1,3,1,1,1,1,3,2,1,1,3,1,1,3,2,1,1,2,2,3,0,2,2,2,3,1,1,1,4,4,2,0,100.0
95,chrIV:5770-5805|0,TAGAAGGGAGCATTTGACATCCTGTCAGCCATATGC,GCATATGGCTGACAGGATGTCAAATGCTCCCTTCTA,chrIV,5770,72,1,47.22222222222222,47.22222222222222,36,36,1,1,4,4,4,1,1,1,2,2,1,1,3,4,2,3,3,2,1,1,1,2,3,3,4,3,1,4,0,0,2,1,98.55269
96,chrIV:6030-6066|0,AGTGACTCGAATGTATACCCAGGAAAGGCTAAGTCGC,GCGACTTAGCCTTTCCTGGGTATACATTCGAGTCACT,chrIV,6030,74,1,48.648648648648646,48.648648648648646,37,37,3,0,2,2,4,2,2,3,3,3,0,3,2,1,2,3,3,2,3,2,2,1,2,2,1,2,2,4,2,2,1,2,100.0
97,chrIV:6109-6145|0,ACGGCTTAGATATTGTTCATGTTGAGTTCAGTCCGGA,TCCGGACTGAACTCAACATGAACAATATCTAAGCCGT,chrIV,6109,74,1,43.24324324324324,43.24324324324324,37,37,0,5,3,3,3,1,1,4,2,2,5,0,3,2,3,3,3,3,4,1,2,1,1,1,2,3,1,3,2,2,1,2,100.0
98,chrIV:6179-6215|0,AACAGAGATATTTGACGCTACTGAGGATGCCAAGGAG,CTCCTTGGCATCCTCAGTAGCGTCAAATATCTCTGTT,chrIV,6179,74,1,45.945945945945944,45.945945945945944,37,37,2,1,3,3,5,2,3,0,2,2,1,2,3,2,0,6,6,0,0,3,2,1,2,2,2,3,2,5,1,1,1,2,98.81088
99,chrIV:6216-6248|0,GCAGACGAAAGTGAAAGAGGAATGCCACTTGCG,CGCAAGTGGCATTCCTCTTTCACTTTCGTCTGC,chrIV,6216,66,1,51.515151515151516,51.515151515151516,33,33,3,1,1,1,4,1,2,1,0,0,1,3,3,2,0,5,5,0,1,2,1,1,3,3,2,3,1,4,2,2,1,1,96.16282
100,chrIV:6249-6283|0,ACAGCATTGAATACATATCCCAAGGCAGCAGCTTG,CAAGCTGCTGCCTTGGGATATGTATTCAATGCTGT,chrIV,6249,70,1,45.714285714285715,45.714285714285715,35,35,2,2,4,4,4,1,2,0,2,2,2,2,2,6,1,1,1,1,0,2,1,1,4,4,6,2,1,4,0,0,1,1,100.0
101,chrIV:6307-6343|0,TAATCATGGAAGGGTACGACACAGCTATTCTTGGAGC,GCTCCAAGAATAGCTGTGTCGTACCCTTCCATGATTA,chrIV,6307,74,1,45.945945945945944,45.945945945945944,37,37,2,2,3,3,3,2,3,1,3,3,2,2,2,3,2,3,3,2,1,3,3,0,2,2,3,2,2,3,1,1,0,3,100.0
102,chrIV:6389-6425|0,TGACAAAACTGGAGAATGGGAAATTTCAGCGTCATGG,CCATGACGCTGAAATTTCCCATTCTCCAGTTTTGTCA,chrIV,6389,74,1,43.24324324324324,43.24324324324324,37,37,4,1,3,3,2,1,2,1,0,0,1,4,4,3,2,4,4,2,1,2,3,0,1,1,3,4,1,2,1,1,0,3,100.0
103,chrIV:6430-6466|0,TCGGGCTGACCTTATGTTATATGGCAGGTGAAATTGT,ACAATTTCACCTGCCATATAACATAAGGTCAGCCCGA,chrIV,6430,74,1,43.24324324324324,43.24324324324324,37,37,1,3,4,4,1,2,1,3,3,3,3,1,5,1,1,2,2,1,3,1,3,1,2,2,1,5,2,1,1,1,1,3,100.0
104,chrIV:6469-6498|0,GGCTACAGCTAACGGGGCCCTCCGTGGATC,GATCCACGGAGGGCCCCGTTAGCTGTAGCC,chrIV,6469,60,1,66.66666666666667,66.66666666666667,30,30,1,0,1,1,1,3,2,1,2,2,0,1,1,1,2,1,1,2,1,2,4,2,3,3,1,1,3,1,2,2,2,4,98.689064
105,chrIV:6565-6601|0,ACTTTTGCAATAGTTTAGGCATGATTGCTGTGGGACA,TGTCCCACAGCAATCATGCCTAAACTATTGCAAAAGT,chrIV,6565,74,1,40.54054054054054,40.54054054054054,37,37,1,4,3,3,2,2,2,2,2,2,4,1,5,3,0,2,2,0,2,2,2,0,3,3,3,5,2,2,0,0,0,2,100.0
106,chrIV:6602-6631|0,AGCATTGTGCGGGATGCCATGGGGTTGTTT,AAACAACCCCATGGCATCCCGCACAATGCT,chrIV,6602,60,1,53.333333333333336,53.333333333333336,30,30,0,3,3,3,1,0,0,3,0,0,3,0,5,2,0,1,1,0,3,0,3,1,3,3,2,5,0,1,1,1,1,3,100.0
107,chrIV:6633-6669|0,CAGTGTTTGACGGTGTCTTACGCTTCTGAAATATGCC,GGCATATTTCAGAAGCGTAAGACACCGTCAAACACTG,chrIV,6633,74,1,45.945945945945944,45.945945945945944,37,37,1,3,2,2,1,3,2,4,2,2,3,1,5,1,2,2,2,2,4,2,1,1,2,2,1,5,3,1,2,2,1,1,99.95153
108,chrIV:6792-6828|0,AAACTACCATTTGCCCTACAGTGGATTTTGCCAGTTC,GAACTGGCAAAATCCACTGTAGGGCAAATGGTAGTTT,chrIV,6792,74,1,43.24324324324324,43.24324324324324,37,37,1,4,2,2,2,2,3,2,2,2,4,1,3,3,1,1,1,1,2,3,1,3,2,2,3,3,2,2,0,0,3,1,100.0
109,chrIV:6896-6932|0,TGAGGCAAGGAGATCACTTAGAAGAACTTTAAGCGGC,GCCGCTTAAAGTTCTTCTAAGTGATCTCCTTGCCTCA,chrIV,6896,74,1,45.945945945945944,45.945945945945944,37,37,4,2,1,1,6,2,2,0,2,2,2,4,1,2,1,5,5,1,0,2,3,0,3,3,2,1,2,6,1,1,0,3,100.0
110,chrIV:7057-7093|0,ATCGAAGAAGAACGAGAATTACTTGTCTCTGCTGGGC,GCCCAGCAGAGACAAGTAATTCTCGTTCTTCTTCGAT,chrIV,7057,74,1,45.945945945945944,45.945945945945944,37,37,4,2,2,2,3,4,2,1,1,1,2,4,3,0,3,5,5,3,1,2,1,0,2,2,0,3,4,3,2,2,0,1,98.90545
111,chrIV:7143-7179|0,TACGAAAAGGCTGGCGTTAGTACTGAAATGTCCTTCA,TGAAGGACATTTCAGTACTAACGCCAGCCTTTTCGTA,chrIV,7143,74,1,43.24324324324324,43.24324324324324,37,37,3,2,1,1,2,3,2,3,3,3,2,3,3,1,2,2,2,2,3,2,2,1,2,2,1,3,3,2,2,2,1,2,100.0
112,chrIV:7202-7238|0,TCTCGGTATTTGTGCTACATTTCTATCTTGGTGGGCG,CGCCCACCAAGATAGAAATGTAGCACAAATACCGAGA,chrIV,7202,74,1,45.945945945945944,45.945945945945944,37,37,0,3,3,3,0,4,1,3,3,3,3,0,4,1,4,0,0,4,3,1,3,0,2,2,1,4,4,0,2,2,0,3,100.0
113,chrIV:7257-7293|0,TATGACCTTTACGCTTTTGGACTAGCCTTCCAAACCA,TGGTTTGGAAGGCTAGTCCAAAAGCGTAAAGGTCATA,chrIV,7257,74,1,43.24324324324324,43.24324324324324,37,37,1,4,1,1,1,4,4,0,3,3,4,1,2,2,1,2,2,1,0,4,1,4,2,2,2,2,4,1,1,1,4,1,100.0
114,chrIV:7300-7334|0,TTTTCATTATTGGCGGTTTGGGGTGCTCAAGTACG,CGTACTTGAGCACCCCAAACCGCCAATAATGAAAA,chrIV,7300,70,1,45.714285714285715,45.714285714285715,35,35,1,5,2,2,1,1,1,3,2,2,5,1,3,2,2,0,0,2,3,1,4,0,2,2,2,3,1,1,2,2,0,4,100.0
115,chrIV:7336-7372|0,ACGGTTCCAAAATGGGAAGTGGTTCTCTTTTAATGGC,GCCATTAAAAGAGAACCACTTCCCATTTTGGAACCGT,chrIV,7336,74,1,43.24324324324324,43.24324324324324,37,37,4,4,2,2,1,2,1,3,1,1,4,4,3,1,3,1,1,3,3,1,4,1,1,1,1,3,2,1,1,1,1,4,100.0
116,chrIV:7518-7554|0,TTATACCAACTGAACTCTAAGAAGTGGAACTGGGGCG,CGCCCCAGTTCCACTTCTTAGAGTTCAGTTGGTATAA,chrIV,7518,74,1,45.945945945945944,45.945945945945944,37,37,5,1,1,1,2,4,4,1,3,3,1,5,3,1,1,3,3,1,1,4,3,1,1,1,1,3,4,2,1,1,1,3,100.0
117,chrIV:7593-7628|0,ACTTTAATCTGGGCTGTGGTTGACCTACCAGAAACT,AGTTTCTGGTAGGTCAACCACAGCCCAGATTAAAGT,chrIV,7593,72,1,44.44444444444444,44.44444444444444,36,36,2,2,1,1,1,5,4,2,2,2,2,2,4,1,1,2,2,1,2,4,2,2,1,1,1,4,5,1,0,0,2,2,100.0
118,chrIV:7728-7760|0,CCCCTAAAGACGTCTCTCATAACGACCCCAAGG,CCTTGGGGTCGTTATGAGAGACGTCTTTAGGGG,chrIV,7728,66,1,54.54545454545455,54.54545454545455,33,33,3,0,1,1,2,3,3,1,2,2,0,3,0,2,3,2,2,3,1,3,1,4,0,0,2,0,3,2,2,2,4,1,96.9292
119,chrIV:7767-7803|0,TCGAAGCTTCCATTGCAGAGGAATAGCAATGTATCCC,GGGATACATTGCTATTCCTCTGCAATGGAAGCTTCGA,chrIV,7767,74,1,45.945945945945944,45.945945945945944,37,37,3,2,4,4,4,1,0,1,2,2,2,3,2,3,3,3,3,3,1,0,1,2,3,3,3,2,1,4,1,1,2,1,98.251396
120,chrIV:7993-8028|0,AGAGAAAAGATTCTTTCTCATCCGAGTATGGCGCGT,ACGCGCCATACTCGGATGAGAAAGAATCTTTTCTCT,chrIV,7993,72,1,44.44444444444444,44.44444444444444,36,36,2,2,3,3,4,2,0,2,1,1,2,2,1,1,4,4,4,4,2,0,1,1,2,2,1,1,2,4,3,3,1,1,99.74445
121,chrIV:8084-8120|0,GTCATAGTAACAGTCTGGGCACTCACTTCGTACATCC,GGATGTACGAAGTGAGTGCCCAGACTGTTACTATGAC,chrIV,8084,74,1,48.648648648648646,48.648648648648646,37,37,1,1,2,2,2,3,4,4,3,3,1,1,1,5,5,0,0,5,4,4,1,1,1,1,5,1,3,2,1,1,1,1,99.02335
122,chrIV:8165-8201|0,AATCTCGAATGAGCAGTTCTGGCAGTACTGAAACTGA,TCAGTTTCAGTACTGCCAGAACTGCTCATTCGAGATT,chrIV,8165,74,1,43.24324324324324,43.24324324324324,37,37,3,1,2,2,3,4,2,2,1,1,1,3,4,2,3,4,4,3,2,2,1,0,2,2,2,4,4,3,1,1,0,1,100.0
123,chrIV:8256-8292|0,TGCCGTCAAATTATATGTACAGTAGCTACCAGAGCGG,CCGCTCTGGTAGCTACTGTACATATAATTTGACGGCA,chrIV,8256,74,1,45.945945945945944,45.945945945945944,37,37,1,1,3,3,4,1,2,3,5,5,1,1,2,3,1,1,1,1,3,2,1,2,3,3,3,2,1,4,2,2,2,1,100.0
124,chrIV:8701-8737|0,AATAGTCTTGACTACCTCTCCACCATGGGCAATGTTG,CAACATTGCCCATGGTGGAGAGGTAGTCAAGACTATT,chrIV,8701,74,1,45.945945945945944,45.945945945945944,37,37,2,2,3,3,1,4,3,2,2,2,2,2,4,3,3,1,1,3,2,3,1,3,1,1,3,4,4,1,0,0,3,1,100.0
125,chrIV:8777-8813|0,TGGGTTATCAATGGCTTGACATTGACTTTTCCTGTGG,CCACAGGAAAAGTCAATGTCAAGCCATTGATAACCCA,chrIV,8777,74,1,43.24324324324324,43.24324324324324,37,37,1,5,3,3,0,3,2,2,1,1,5,1,6,2,2,2,2,2,2,2,3,1,1,1,2,6,3,0,0,0,1,3,100.0
126,chrIV:8814-8846|0,CAACCAAGTTCACAGCGTCACGATAATCACCGA,TCGGTGATTATCGTGACGCTGTGAACTTGGTTG,chrIV,8814,66,1,48.484848484848484,48.484848484848484,33,33,3,1,2,2,2,0,4,2,1,1,1,3,0,6,3,2,2,3,2,4,0,2,1,1,6,0,0,2,3,3,2,0,96.34041
127,chrIV:8919-8952|0,TTTTACCCATACCGACTTGCACCATGGTACCTCC,GGAGGTACCATGGTGCAAGTCGGTATGGGTAAAA,chrIV,8919,68,1,50.0,50.0,34,34,0,3,2,2,0,2,5,1,3,3,3,0,2,3,1,1,1,1,1,5,1,5,1,1,3,2,2,0,1,1,5,1,97.70464
128,chrIV:8953-8989|0,AACCTTAGTTGTTTTGACAGCGGCATCAATGCAAACA,TGTTTGCATTGATGCCGCTGTCAAAACAACTAAGGTT,chrIV,8953,74,1,40.54054054054054,40.54054054054054,37,37,3,4,2,2,2,1,3,2,1,1,4,3,3,5,1,1,1,1,2,3,1,1,3,3,5,3,1,2,1,1,1,1,100.0
129,chrIV:8990-9021|0,TCAGCACCTGAACACTCAAACACCACATCTGC,GCAGATGTGGTGTTTGAGTGTTCAGGTGCTGA,chrIV,8990,64,1,50.0,50.0,32,32,2,0,1,1,1,3,6,0,0,0,0,2,2,7,3,1,1,3,0,6,0,2,2,2,7,2,3,1,0,0,2,0,100.0
130,chrIV:9022-9051|0,GTGATTTCCGCCCAAAAGCTTTTGGACCCC,GGGGTCCAAAAGCTTTTGGGCGGAAATCAC,chrIV,9022,60,1,53.333333333333336,53.333333333333336,30,30,2,3,1,1,1,1,1,1,0,0,3,2,2,1,1,2,2,1,1,1,1,4,2,2,1,2,1,1,1,1,4,1,100.0
131,chrIV:9052-9081|0,ATCGGCCAAGTCTTGGGCTTTATCGGTGGA,TCCACCGATAAAGCCCAAGACTTGGCCGAT,chrIV,9052,60,1,53.333333333333336,53.333333333333336,30,30,1,2,2,2,1,2,0,2,1,1,2,1,2,1,3,1,1,3,2,0,4,1,2,2,1,2,2,1,2,2,1,4,100.0
132,chrIV:9082-9116|0,AAACTGGGAAGAATTGAAAGTGTTTGTGGCTCCGA,TCGGAGCCACAAACACTTTCAATTCTTCCCAGTTT,chrIV,9082,70,1,42.857142857142854,42.857142857142854,35,35,4,2,1,1,2,2,1,3,0,0,2,4,5,0,1,4,4,1,3,1,2,1,1,1,0,5,2,2,1,1,1,2,98.549255
133,chrIV:9122-9158|0,TTTGCTCTCTGTAGCTTGTTGTCGAATACATCGACGA,TCGTCGATGTATTCGACAACAAGCTACAGAGAGCAAA,chrIV,9122,74,1,43.24324324324324,43.24324324324324,37,37,1,3,2,2,1,4,2,3,2,2,3,1,4,1,4,3,3,4,3,2,0,0,2,2,1,4,4,1,3,3,0,0,98.38172
134,chrIV:9159-9188|0,AAATGACGTCGGTGGCACCAAAAGCGCGGG,CCCGCGCTTTTGGTGCCACCGACGTCATTT,chrIV,9159,60,1,60.0,60.0,30,30,3,0,1,1,1,0,2,2,0,0,0,3,2,2,1,1,1,1,2,2,3,1,3,3,2,2,0,1,4,4,1,3,100.0
135,chrIV:9189-9218|0,CGACTGCGCCAGTTAAAAGCCCCACAGGAC,GTCCTGTGGGGCTTTTAACTGGCGCAGTCG,chrIV,9189,60,1,60.0,60.0,30,30,2,1,0,0,3,1,3,1,1,1,1,2,1,3,0,2,2,0,1,3,1,3,3,3,3,1,1,3,2,2,3,1,98.51871
136,chrIV:9219-9254|0,CTGCACCAAATACAACAACTTTGGTACCAAAGCGGA,TCCGCTTTGGTACCAAAGTTGTTGTATTTGGTGCAG,chrIV,9219,72,1,44.44444444444444,44.44444444444444,36,36,4,1,1,1,1,2,5,1,2,2,1,4,2,5,0,1,1,0,1,5,2,2,2,2,5,2,2,1,1,1,2,2,100.0
137,chrIV:9270-9306|0,TAGAGTGTACACCGACTGATAAGGGTTCGACACAAGC,GCTTGTGTCGAACCCTTATCAGTCGGTGTACACTCTA,chrIV,9270,74,1,48.648648648648646,48.648648648648646,37,37,2,1,1,1,4,1,5,3,3,3,1,2,2,3,1,4,4,1,3,5,1,1,1,1,3,2,1,4,2,2,1,1,94.83238
138,chrIV:9307-9336|0,GCCCTCTTCATAACTGACGCCTTCTGGCAA,TTGCCAGAAGGCGTCAGTTATGAAGAGGGC,chrIV,9307,60,1,53.333333333333336,53.333333333333336,30,30,2,2,1,1,0,5,2,0,1,1,2,2,2,2,3,1,1,3,0,2,1,2,3,3,2,2,5,0,1,1,2,1,100.0
139,chrIV:9369-9405|0,ACTTCACAAGAGTACCATCAATTGGAGGAGTTGCAGC,GCTGCAACTCCTCCAATTGATGGTACTCTTGTGAAGT,chrIV,9369,74,1,45.945945945945944,45.945945945945944,37,37,2,3,2,2,5,1,3,2,1,1,3,2,2,5,2,3,3,2,2,3,2,1,2,2,5,2,1,5,0,0,1,2,99.88513
140,chrIV:9406-9442|0,AAATGCCATATGTGGGCAAAGGTTATAGCTCCCTTCT,AGAAGGGAGCTATAACCTTTGCCCACATATGGCATTT,chrIV,9406,74,1,43.24324324324324,43.24324324324324,37,37,2,2,4,4,2,3,0,2,3,3,2,2,3,2,2,0,0,2,2,0,2,2,3,3,2,3,3,2,0,0,2,2,100.0
141,chrIV:9443-9476|0,TTGGTCTCATCAGAGTAACGGCTAGGAACACCAG,CTGGTGTTCCTAGCCGTTACTCTGATGAGACCAA,chrIV,9443,68,1,50.0,50.0,34,34,2,1,1,1,4,2,3,2,2,2,1,2,1,4,3,2,2,3,2,3,3,1,1,1,4,1,2,4,1,1,1,3,99.20912
142,chrIV:9477-9510|0,GTTCAATAGCAACACGGTCACCAACTTTGACCCT,AGGGTCAAAGTTGGTGACCGTGTTGCTATTGAAC,chrIV,9477,68,1,47.05882352941177,47.05882352941177,34,34,3,2,1,1,1,2,5,2,1,1,2,3,1,5,2,1,1,2,2,5,1,2,1,1,5,1,2,1,1,1,2,1,100.0
143,chrIV:9511-9540|0,TGTGACGGCATCACCAACTTCCACAACCTG,CAGGTTGTGGAAGTTGGTGATGCCGTCACA,chrIV,9511,60,1,53.333333333333336,53.333333333333336,30,30,2,1,1,1,0,2,5,1,0,0,1,2,3,5,2,1,1,2,1,5,1,3,1,1,5,3,2,0,1,1,3,1,100.0
144,chrIV:9541-9573|0,TCCGCTTGATTCATGACCTAAAACCATTGGCGC,GCGCCAATGGTTTTAGGTCATGAATCAAGCGGA,chrIV,9541,66,1,48.484848484848484,48.484848484848484,33,33,2,3,3,3,0,2,2,0,1,1,3,2,3,2,2,2,2,2,0,2,1,3,3,3,2,3,2,0,2,2,3,1,98.033554
145,chrIV:9619-9652|0,ATCAGAGCCGCAGATACCAGTGGCTTTAATAGCT,AGCTATTAAAGCCACTGGTATCTGCGGCTCTGAT,chrIV,9619,68,1,47.05882352941177,47.05882352941177,34,34,1,1,3,3,5,2,1,1,3,3,1,1,1,3,1,2,2,1,1,1,1,2,4,4,3,1,2,5,1,1,2,1,98.958
146,chrIV:9667-9700|0,GGGGTCCTTAATGGTAGGGATTGGTCTTTGCTCG,CGAGCAAAGACCAATCCCTACCATTAAGGACCCC,chrIV,9667,68,1,52.94117647058823,52.94117647058823,34,34,1,3,2,2,1,3,0,3,2,2,3,1,3,0,3,1,1,3,3,0,5,1,1,1,0,3,3,1,1,1,1,5,100.0
147,chrIV:9701-9737|0,ATGGCAATATCGCCGACTTTCTCTAGAACTACTGCAG,CTGCAGTAGTTCTAGAGAAAGTCGGCGATATTGCCAT,chrIV,9701,74,1,45.945945945945944,45.945945945945944,37,37,2,1,3,3,2,5,3,0,3,3,1,2,2,2,3,2,2,3,0,3,1,1,3,3,2,2,5,2,2,2,1,1,100.0
148,chrIV:9933-9969|0,AGATGGAAGAAATGCGGTTAGCAAGGTGATACAGAGG,CCTCTGTATCACCTTGCTAACCGCATTTCTTCCATCT,chrIV,9933,74,1,45.945945945945944,45.945945945945944,37,37,3,1,3,3,6,0,1,2,2,2,1,3,3,2,0,5,5,0,2,1,4,0,2,2,2,3,0,6,1,1,0,4,100.0
149,chrIV:9970-10003|0,CTTCATGTGACCGGAGAAAGGAGATACGAGACCG,CGGTCTCGTATCTCCTTTCTCCGGTCACATGAAG,chrIV,9970,68,1,52.94117647058823,52.94117647058823,34,34,1,1,2,2,4,1,3,1,1,1,1,1,2,1,1,7,7,1,1,3,2,2,0,0,1,2,1,4,3,3,2,2,98.06245
150,chrIV:10081-10117|0,CTGAACGAAGTTCCTTCATTATTCACCCCAACCAAGC,GCTTGGTTGGGGTGAATAATGAAGGAACTTCGTTCAG,chrIV,10081,74,1,45.945945945945944,45.945945945945944,37,37,4,4,2,2,2,2,3,1,1,1,4,4,1,4,3,2,2,3,1,3,0,4,1,1,4,1,2,2,1,1,4,0,98.86685
151,chrIV:10118-10150|0,CCGATGGTTCCTGAAGCTAGGCGTAACTTTCCA,TGGAAAGTTACGCCTAGCTTCAGGAACCATCGG,chrIV,10118,66,1,51.515151515151516,51.515151515151516,33,33,2,2,1,1,2,3,1,2,2,2,2,2,2,1,2,2,2,2,2,1,2,3,2,2,1,2,3,2,2,2,3,2,98.17707
152,chrIV:10151-10186|0,ACTTCAACATAGATTTTGCCACTCGGCAGTAGCTGT,ACAGCTACTGCCGAGTGGCAAAATCTATGTTGAAGT,chrIV,10151,72,1,44.44444444444444,44.44444444444444,36,36,1,3,2,2,3,3,3,2,2,2,3,1,2,4,2,1,1,2,2,3,1,1,3,3,4,2,3,3,1,1,1,1,100.0
153,chrIV:10206-10242|0,TGCACCTATATGTGCCTAAAACTTACTCTCCTGCAGG,CCTGCAGGAGAGTAAGTTTTAGGCACATATAGGTGCA,chrIV,10206,74,1,45.945945945945944,45.945945945945944,37,37,2,1,2,2,1,6,3,1,4,4,1,2,4,2,2,0,0,2,1,3,1,3,3,3,2,4,6,1,0,0,3,1,100.0
154,chrIV:10303-10332|0,CCCCGTAATTTGTTTGCCTTCATGCCTGCC,GGCAGGCATGAAGGCAAACAAATTACGGGG,chrIV,10303,60,1,53.333333333333336,53.333333333333336,30,30,1,3,2,2,0,2,0,2,1,1,3,1,4,1,1,0,0,1,2,0,0,5,3,3,1,4,2,0,1,1,5,0,100.0
155,chrIV:10333-10366|0,TCTCCTTGTCTCAGGTCACACCATTCACGATTCC,GGAATCGTGAATGGTGTGACCTGAGACAAGGAGA,chrIV,10333,68,1,50.0,50.0,34,34,0,3,2,2,1,3,3,2,0,0,3,0,1,5,7,1,1,7,2,3,1,3,0,0,5,1,3,1,1,1,3,1,100.0
156,chrIV:10368-10404|0,TCATGCCTGCTACCGATTTAGTAGTAAGAAAAGCCGT,ACGGCTTTTCTTACTACTAAATCGGTAGCAGGCATGA,chrIV,10368,74,1,43.24324324324324,43.24324324324324,37,37,3,1,2,2,4,2,1,3,4,4,1,3,2,1,1,2,2,1,3,1,0,3,3,3,1,2,2,4,2,2,3,0,100.0
157,chrIV:10432-10465|0,TTTTCCTTGGAATTGTTAGCCCGCCTTTTGGTCG,CGACCAAAAGGCGGGCTAACAATTCCAAGGAAAA,chrIV,10432,68,1,47.05882352941177,47.05882352941177,34,34,1,7,1,1,1,2,0,2,1,1,7,1,3,0,2,1,1,2,2,0,2,3,2,2,0,3,2,1,2,2,3,2,99.20665
158,chrIV:10558-10594|0,ACAGATGAACGGTTCTATAGTTTCAGTGGACGTAGCG,CGCTACGTCCACTGAAACTATAGAACCGTTCATCTGT,chrIV,10558,74,1,45.945945945945944,45.945945945945944,37,37,1,2,2,2,4,1,3,4,3,3,2,1,2,2,2,3,3,2,4,3,2,0,1,1,2,2,1,4,3,3,0,2,100.0
159,chrIV:10819-10855|0,TGGACATATGCCGACTTAAATGCTAAAACCCTCGACT,AGTCGAGGGTTTTAGCATTTAAGTCGGCATATGTCCA,chrIV,10819,74,1,43.24324324324324,43.24324324324324,37,37,3,1,3,3,0,4,4,0,3,3,1,3,3,1,1,3,3,1,0,4,1,2,2,2,1,3,4,0,2,2,2,1,99.72816
160,chrIV:10923-10959|0,TAGTGGCAGATGCTCCTTGAACTACTAATGACCCAGG,CCTGGGTCATTAGTAGTTCAAGGAGCATCTGCCACTA,chrIV,10923,74,1,48.648648648648646,48.648648648648646,37,37,2,1,2,2,3,4,3,1,3,3,1,2,4,2,1,3,3,1,1,3,2,2,2,2,2,4,4,3,0,0,2,2,99.08537
161,chrIV:10960-10991|0,TCACCCAGAGAGGTCAGAGACTTTGTACGGGT,ACCCGTACAAAGTCTCTGACCTCTCTGGGTGA,chrIV,10960,64,1,53.125,53.125,32,32,0,1,0,0,5,1,3,3,1,1,1,0,1,3,2,4,4,2,3,3,2,1,0,0,3,1,1,5,1,1,1,2,94.97755
162,chrIV:11049-11085|0,TGTTGTGTGGAAACATGCCTCAAAATGTTTTCACCGC,GCGGTGAAAACATTTTGAGGCATGTTTCCACACAACA,chrIV,11049,74,1,43.24324324324324,43.24324324324324,37,37,3,3,2,2,0,1,2,4,0,0,3,3,6,3,2,1,1,2,4,2,1,2,2,2,3,6,1,0,1,1,2,1,100.0
163,chrIV:11104-11140|0,ATTTGCCAAGTTAACGAAGCATGAGAAAGTTTGCCCC,GGGGCAAACTTTCTCATGCTTCGTTAACTTGGCAAAT,chrIV,11104,74,1,43.24324324324324,43.24324324324324,37,37,4,3,2,2,4,0,1,2,1,1,3,4,3,2,0,3,3,0,2,1,0,3,3,3,2,3,0,4,1,1,3,0,98.98448
164,chrIV:11160-11196|0,ATCTCTTCTAATATGATGGTTGTTTGTGCGGCCACGC,GCGTGGCCGCACAAACAACCATCATATTAGAAGAGAT,chrIV,11160,74,1,45.945945945945944,45.945945945945944,37,37,1,3,4,4,0,3,1,3,2,2,3,1,5,1,3,1,1,3,3,1,2,1,3,3,1,5,3,0,2,2,1,2,100.0
165,chrIV:11285-11320|0,AGAGGAATGGTACAGTGTTACGTTCCTGGAAATGCA,TGCATTTCCAGGAACGTAACACTGTACCATTCCTCT,chrIV,11285,72,1,44.44444444444444,44.44444444444444,36,36,2,2,2,2,3,1,2,4,2,2,2,2,4,2,1,3,3,1,4,2,3,1,1,1,2,4,1,3,1,1,1,3,100.0
166,chrIV:11333-11369|0,TTCCATAAGCACTCAAGTGGACCTATGTTGACTTCCC,GGGAAGTCAACATAGGTCCACTTGAGTGCTTATGGAA,chrIV,11333,74,1,45.945945945945944,45.945945945945944,37,37,2,3,2,2,2,3,3,2,2,2,3,2,3,3,3,2,2,3,2,3,1,3,1,1,3,3,3,2,0,0,3,1,100.0
167,chrIV:11372-11408|0,TCTTCATCACCACTCCGTTTTCACTCCATAAGCATCC,GGATGCTTATGGAGTGAAAACGGAGTGGTGATGAAGA,chrIV,11372,74,1,45.945945945945944,45.945945945945944,37,37,1,3,3,3,1,3,3,1,1,1,3,1,0,6,7,0,0,7,1,3,0,4,1,1,6,0,3,1,1,1,4,0,100.0
168,chrIV:11439-11475|0,AACAGAACTTCGTACAATGTTGCCTTAACCAAACGCT,AGCGTTTGGTTAAGGCAACATTGTACGAAGTTCTGTT,chrIV,11439,74,1,40.54054054054054,40.54054054054054,37,37,5,3,1,1,1,3,5,2,2,2,3,5,2,3,1,1,1,1,2,5,0,2,2,2,3,2,3,1,2,2,2,0,100.0
169,chrIV:11688-11724|0,TCTTTCCAGCTTTTCTTCTTAGCCTCAGTTTCCCTGG,CCAGGGAAACTGAGGCTAAGAAGAAAAGCTGGAAAGA,chrIV,11688,74,1,45.945945945945944,45.945945945945944,37,37,0,6,0,0,3,6,0,1,1,1,6,0,1,2,6,0,0,6,1,0,1,3,2,2,2,1,6,3,0,0,3,1,100.0
170,chrIV:11725-11754|0,AAGAAGCTCCTCTCCTTGAGGGTGGTACCC,GGGTACCACCCTCAAGGAGAGGAGCTTCTT,chrIV,11725,60,1,56.666666666666664,56.666666666666664,30,30,2,1,0,0,3,4,1,2,1,1,1,2,2,0,3,2,2,3,2,1,2,3,1,1,0,2,4,3,0,0,3,2,96.590614
171,chrIV:11980-12016|0,TTGCTTTAGATTTGACCTTCGAAGGGAATGACTCGGC,GCCGAGTCATTCCCTTCGAAGGTCAAATCTAAAGCAA,chrIV,11980,74,1,45.945945945945944,45.945945945945944,37,37,2,4,2,2,2,3,2,0,1,1,4,2,3,0,2,5,5,2,0,2,2,1,2,2,0,3,3,2,2,2,1,2,99.94796
172,chrIV:12017-12048|0,AACCACAATATAAGCAACAGGGGCCCATGTCG,CGACATGGGCCCCTGTTGCTTATATTGTGGTT,chrIV,12017,64,1,50.0,50.0,32,32,4,0,3,3,2,0,3,1,2,2,0,4,1,5,1,0,0,1,1,3,2,2,2,2,5,1,0,2,1,1,2,2,100.0
173,chrIV:12066-12102|0,TAGAAGCATGTGAACACAATCATGGCATTACCTGCAC,GTGCAGGTAATGCCATGATTGTGTTCACATGCTTCTA,chrIV,12066,74,1,43.24324324324324,43.24324324324324,37,37,3,1,4,4,2,1,4,1,2,2,1,3,4,6,1,2,2,1,1,4,1,1,3,3,6,4,1,2,0,0,1,1,100.0
174,chrIV:12103-12133|0,CTTTCGAGGATGGACCATCCTGGCCATGAGG,CCTCATGGCCAGGATGGTCCATCCTCGAAAG,chrIV,12103,62,1,58.064516129032256,58.064516129032256,31,31,0,1,3,3,2,2,1,0,0,0,1,0,3,2,2,4,4,2,0,1,4,3,1,1,2,3,2,2,1,1,3,4,99.502205
175,chrIV:12147-12183|0,ACCCCGATACTTGCAAATATGACCATACAAGCCATCA,TGATGGCTTGTATGGTCATATTTGCAAGTATCGGGGT,chrIV,12147,74,1,43.24324324324324,43.24324324324324,37,37,2,1,5,5,1,1,4,0,3,3,1,2,2,5,1,2,2,1,0,4,0,4,2,2,5,2,1,1,1,1,4,0,100.0
176,chrIV:12184-12218|0,TTGAAGCCGCTCCGAATAACAGACATTTACGACGG,CCGTCGTAAATGTCTGTTATTCGGAGCGGCTTCAA,chrIV,12184,70,1,48.57142857142857,48.57142857142857,35,35,3,2,2,2,2,1,4,0,2,2,2,3,1,2,1,4,4,1,0,4,1,2,2,2,2,1,1,2,4,4,2,1,97.45772
177,chrIV:12263-12299|0,ATTCACTGTACCTAGGACGATCGAAGTCTCAAACCCA,TGGGTTTGAGACTTCGATCGTCCTAGGTACAGTGAAT,chrIV,12263,74,1,45.945945945945944,45.945945945945944,37,37,2,1,2,2,2,3,4,2,2,2,1,2,1,3,4,3,3,4,2,4,1,2,0,0,3,1,3,2,2,2,2,1,93.78096
178,chrIV:12416-12452|0,TGTTTTGACGGAGAAAAGTTCTTTCCATGAGGCTTCC,GGAAGCCTCATGGAAAGAACTTTTCTCCGTCAAAACA,chrIV,12416,74,1,43.24324324324324,43.24324324324324,37,37,2,5,1,1,3,2,1,2,0,0,5,2,3,1,3,4,4,3,2,1,2,2,1,1,1,3,2,3,1,1,2,2,100.0
179,chrIV:12453-12482|0,CCTAGTTCTCTTTGGGCAAGGACACCGGCG,CGCCGGTGTCCTTGCCCAAAGAGAACTAGG,chrIV,12453,60,1,60.0,60.0,30,30,1,2,0,0,2,3,2,1,1,1,2,1,1,2,2,1,1,2,1,2,3,2,2,2,2,1,3,2,2,2,2,3,99.70301
180,chrIV:12483-12519|0,TTGATTTCATCAGCCTGTTTGAGTACCCATGGATCCT,AGGATCCATGGGTACTCAAACAGGCTGATGAAATCAA,chrIV,12483,74,1,43.24324324324324,43.24324324324324,37,37,0,3,4,4,2,2,1,2,1,1,3,0,4,3,3,3,3,3,2,1,1,3,1,1,3,4,2,2,0,0,3,1,100.0
181,chrIV:12520-12553|0,CTGGTGAAACCTTGTTGATCTTGGCGATGGAGAC,GTCTCCATCGCCAAGATCAACAAGGTTTCACCAG,chrIV,12520,68,1,50.0,50.0,34,34,1,3,2,2,1,3,2,2,0,0,3,1,6,0,1,5,5,1,2,2,3,1,1,1,0,6,3,1,1,1,1,3,98.35014
182,chrIV:12589-12624|0,ATCTTGGGGACTCTGGAACTAATAACATGCCAACGA,TCGTTGGCATGTTATTAGTTCCAGAGTCCCCAAGAT,chrIV,12589,72,1,44.44444444444444,44.44444444444444,36,36,4,1,3,3,0,4,4,0,2,2,1,4,3,2,2,3,3,2,0,4,3,1,1,1,2,3,4,0,1,1,1,3,99.87787
183,chrIV:12625-12661|0,TGATAATTAGAGCCCACAGAAAGCATAGTCCCACAGG,CCTGTGGGACTATGCTTTCTGTGGGCTCTAATTATCA,chrIV,12625,74,1,45.945945945945944,45.945945945945944,37,37,2,1,3,3,6,0,2,1,3,3,1,2,1,5,1,3,3,1,1,2,1,2,2,2,5,1,0,6,0,0,2,1,99.61046
184,chrIV:12747-12783|0,TGGTACAATGAGACAAGTCCACCTCTCAAATCTGTGG,CCACAGATTTGAGAGGTGGACTTGTCTCATTGTACCA,chrIV,12747,74,1,45.945945945945944,45.945945945945944,37,37,3,0,2,2,2,3,3,3,1,1,0,3,4,4,4,2,2,4,3,3,2,2,0,0,4,4,3,2,0,0,2,2,93.62777
185,chrIV:12790-12826|0,TTTCAGATAAAAGCATTGGACACAACACCGAACAGCC,GGCTGTTCGGTGTTGTGTCCAATGCTTTTATCTGAAA,chrIV,12790,74,1,43.24324324324324,43.24324324324324,37,37,4,2,2,2,3,0,5,0,1,1,2,4,1,6,1,3,3,1,0,5,1,2,2,2,6,1,0,3,1,1,2,1,100.0
186,chrIV:12827-12859|0,ACCAGCACCAAGACCGTAGATGATCTTACCGAC,GTCGGTAAGATCATCTACGGTCTTGGTGCTGGT,chrIV,12827,66,1,51.515151515151516,51.515151515151516,33,33,1,1,2,2,3,1,5,1,2,2,1,1,1,3,1,4,4,1,1,5,0,4,1,1,3,1,1,3,2,2,4,0,97.79655
187,chrIV:12937-12973|0,TTGCTAGCCTTCTACCTAAAGTATCAGCAAGTCTCGC,GCGAGACTTGCTGATACTTTAGGTAGAAGGCTAGCAA,chrIV,12937,74,1,45.945945945945944,45.945945945945944,37,37,2,2,1,1,4,5,1,2,4,4,2,2,1,2,4,0,0,4,2,1,0,2,4,4,2,1,5,4,1,1,2,0,100.0
188,chrIV:12974-13006|0,AAAAGCAACACCGCCAATGGAACATCCTACACT,AGTGTAGGATGTTCCATTGGCGGTGTTGCTTTT,chrIV,12974,66,1,45.45454545454545,45.45454545454545,33,33,5,0,2,2,1,2,5,0,1,1,0,5,1,5,1,1,1,1,0,5,1,3,2,2,5,1,2,1,1,1,3,1,100.0
189,chrIV:13007-13036|0,GAACATGGCCACGAGAAGACCCATACGCAC,GTGCGTATGGGTCTTCTCGTGGCCATGTTC,chrIV,13007,60,1,56.666666666666664,56.666666666666664,30,30,2,0,2,2,2,0,5,0,1,1,0,2,1,4,0,4,4,0,0,5,1,2,2,2,4,1,0,2,2,2,2,1,99.48058
190,chrIV:13103-13139|0,ATTGATGAAGCCTGCAGTAATACCACTATCCCAACCA,TGGTTGGGATAGTGGTATTACTGCAGGCTTCATCAAT,chrIV,13103,74,1,43.24324324324324,43.24324324324324,37,37,3,1,4,4,2,2,3,1,3,3,1,3,3,4,1,2,2,1,1,3,0,4,2,2,4,3,2,2,0,0,4,0,100.0
191,chrIV:13198-13227|0,AAAAGCCTCTCTTCGGTGCGTCTGGCGTAT,ATACGCCAGACGCACCGAAGAGAGGCTTTT,chrIV,13198,60,1,53.333333333333336,53.333333333333336,30,30,2,1,1,1,1,4,0,3,1,1,1,2,2,0,4,0,0,4,3,0,2,1,3,3,0,2,4,1,3,3,1,2,100.0
192,chrIV:13245-13281|0,TTGTCATAAAACCCGTCTGACCATTCTTTCTCTCCGG,CCGGAGAGAAAGAATGGTCAGACGGGTTTTATGACAA,chrIV,13245,74,1,45.945945945945944,45.945945945945944,37,37,2,3,2,2,0,4,2,2,1,1,3,2,2,2,6,1,1,6,2,2,1,3,0,0,2,2,4,0,2,2,3,1,100.0
193,chrIV:13282-13313|0,GTGGCTGTACATGAACGTCAGCTGCACTACTG,CAGTAGTGCAGCTGACGTTCATGTACAGCCAC,chrIV,13282,64,1,53.125,53.125,32,32,1,0,1,1,1,4,4,3,2,2,0,1,5,3,1,1,1,1,3,4,1,0,3,3,3,5,4,1,1,1,0,1,100.0
194,chrIV:13322-13357|0,ATCTGCATTAATTTCTGGTGAGGACTGTTCGCTTGC,GCAAGCGAACAGTCCTCACCAGAAATTAATGCAGAT,chrIV,13322,72,1,44.44444444444444,44.44444444444444,36,36,1,4,3,3,1,4,1,2,1,1,4,1,5,1,3,2,2,3,2,1,2,0,3,3,1,5,4,1,1,1,0,2,100.0
195,chrIV:13474-13510|0,ATACGTTTGAAAGTTGGTGATTACAGGCCAACACTGG,CCAGTGTTGGCCTGTAATCACCAACTTTCAAACGTAT,chrIV,13474,74,1,43.24324324324324,43.24324324324324,37,37,2,3,2,2,2,1,4,3,2,2,3,2,4,3,0,2,2,0,3,4,3,1,1,1,3,4,1,2,1,1,1,3,100.0
196,chrIV:13597-13633|0,TATTGAAAGGTTCAAGATGCGCAGTACAAGTCCTCGT,ACGAGGACTTGTACTGCGCATCTTGAACCTTTCAATA,chrIV,13597,74,1,43.24324324324324,43.24324324324324,37,37,3,2,2,2,4,1,1,4,2,2,2,3,2,3,3,2,2,3,4,1,1,1,2,2,3,2,1,4,2,2,1,1,100.0
197,chrIV:13646-13682|0,TCTACCTTGCCTGACTTCTTTGCTAAATTGTGCCTCT,AGAGGCACAATTTAGCAAAGAAGTCAGGCAAGGTAGA,chrIV,13646,74,1,43.24324324324324,43.24324324324324,37,37,1,4,1,1,0,8,2,1,2,2,4,1,5,0,3,1,1,3,1,2,0,3,3,3,0,5,8,0,0,0,3,0,100.0
198,chrIV:13683-13714|0,GCGCAGTGCACGTTCAAAAGAAAAGCATACCC,GGGTATGCTTTTCTTTTGAACGTGCACTGCGC,chrIV,13683,64,1,50.0,50.0,32,32,4,1,1,1,3,0,2,2,1,1,1,4,1,4,1,1,1,1,2,2,0,1,4,4,4,1,0,3,2,2,1,0,100.0
199,chrIV:13784-13820|0,AAATAATTTTGCCTGCAGCAGGCTAGCTGCATATTCA,TGAATATGCAGCTAGCCTGCTGCAGGCAAAATTATTT,chrIV,13784,74,1,40.54054054054054,40.54054054054054,37,37,2,3,4,4,3,3,0,0,3,3,3,2,3,4,1,0,0,1,0,0,1,1,6,6,4,3,3,3,0,0,1,1,100.0
200,chrIV:13846-13882|0,TACGAGACGGAGTTAAGCAAAACGGAGTTAACACAGG,CCTGTGTTAACTCCGTTTTGCTTAACTCCGTCTCGTA,chrIV,13846,74,1,45.945945945945944,45.945945945945944,37,37,4,2,0,0,5,0,5,2,3,3,2,4,0,3,0,4,4,0,2,5,3,0,1,1,3,0,0,5,3,3,0,3,100.0
201,chrIV:14229-14265|0,TTGTTCAACGTTGCTTTTACCTCTGGCAATACTCCAC,GTGGAGTATTGCCAGAGGTAAAAGCAACGTTGAACAA,chrIV,14229,74,1,43.24324324324324,43.24324324324324,37,37,2,5,1,1,0,4,4,2,2,2,5,2,3,3,3,0,0,3,2,4,1,2,2,2,3,3,4,0,1,1,2,1,100.0
202,chrIV:14269-14305|0,ATTTCAGGATTTGCTGCCAAAGTCCATTTTGTGCAAG,CTTGCACAAAATGGACTTTGGCAGCAAATCCTGAAAT,chrIV,14269,74,1,40.54054054054054,40.54054054054054,37,37,2,4,3,3,3,1,0,2,0,0,4,2,4,4,2,1,1,2,2,0,1,2,3,3,4,4,1,3,0,0,2,1,100.0
203,chrIV:14374-14410|0,TCTGAGAAATTATGACGGAAGAATGTAAGCTGCCGGT,ACCGGCAGCTTACATTCTTCCGTCATAATTTCTCAGA,chrIV,14374,74,1,43.24324324324324,43.24324324324324,37,37,4,1,3,3,3,2,1,2,2,2,1,4,4,0,1,5,5,1,2,1,2,1,2,2,0,4,2,3,2,2,1,2,100.0
204,chrIV:14429-14465|0,TTGCAAAGGAATTTTGAGAATTTATGGCTCGACGGCG,CGCCGTCGAGCCATAAATTCTCAAAATTCCTTTGCAA,chrIV,14429,74,1,43.24324324324324,43.24324324324324,37,37,3,4,3,3,2,1,1,0,1,1,4,3,3,1,1,4,4,1,0,1,3,0,3,3,1,3,1,2,3,3,0,3,100.0
205,chrIV:14510-14546|0,AATATTATCCAGCAGCTGTTCTCCCATATAGTGCGCC,GGCGCACTATATGGGAGAACAGCTGCTGGATAATATT,chrIV,14510,74,1,45.945945945945944,45.945945945945944,37,37,1,2,5,5,3,2,0,2,4,4,2,1,2,3,3,0,0,3,2,0,0,3,4,4,3,2,2,3,1,1,3,0,100.0
206,chrIV:14722-14758|0,AGCAGTATTGCAACAAGGCGTTACAGTCTTTGTTACC,GGTAACAAAGACTGTAACGCCTTGTTGCAATACTGCT,chrIV,14722,74,1,43.24324324324324,43.24324324324324,37,37,2,4,1,1,4,1,3,4,3,3,4,2,2,4,1,0,0,1,4,3,1,1,3,3,4,2,1,4,1,1,1,1,100.0
207,chrIV:14816-14852|0,TTCATACCTGGGGTGGCCGTTTCATATTTCTGTTTCT,AGAAACAGAAATATGAAACGGCCACCCCAGGTATGAA,chrIV,14816,74,1,43.24324324324324,43.24324324324324,37,37,0,4,3,3,0,3,1,3,2,2,4,0,3,2,4,0,0,4,3,1,3,2,1,1,2,3,3,0,1,1,2,3,100.0
