probe_ID,parent,derived,align_chr,align_start,bowtie,on_target
0,chrIV:703-739|0,TCCACATTTTATTACCTATATCTCATTCGGCGGCCCC,TCCACATTTTATTACCTATATCTCATTCGGCGGCCCC,chrIV,703,74,1
1,chrIV:1091-1120|0,TTTTACTGTAAGGGCTGCCATCCGCGCTCT,TTTTACTGTAAGGGCTGCCATCCGCGCTCT,chrIV,1091,60,1
2,chrIV:1151-1187|0,ATCTCAAAACAAGCGGGAGAAGTGCTAATTACCCAGA,ATCTCAAAACAAGCGGGAGAAGTGCTAATTACCCAGA,chrIV,1151,74,1
3,chrIV:1188-1220|0,GGTCATGCATGATCTGAGTACCACCGTACCTCT,GGTCATGCATGATCTGAGTACCACCGTACCTCT,chrIV,1188,66,1
4,chrIV:1221-1257|0,AGGTTTTGCTTTGATCCGTTTTACAGTGACACCGAAC,AGGTTTTGCTTTGATCCGTTTTACAGTGACACCGAAC,chrIV,1221,74,1
5,chrIV:1260-1296|0,AAGGGGAAGCTATTGACATGGTATCGAAAGGTTGTCC,AAGGGGAAGCTATTGACATGGTATCGAAAGGTTGTCC,chrIV,1260,74,1
6,chrIV:1439-1475|0,TATGTATTTCATTCAAGCGGTAACCGCTGTACGAGCA,TATGTATTTCATTCAAGCGGTAACCGCTGTACGAGCA,chrIV,1439,74,1
7,chrIV:1476-1512|0,GTGACATTGCTGGTCGCACCTTAAATGTAAACCAACG,GTGACATTGCTGGTCGCACCTTAAATGTAAACCAACG,chrIV,1476,74,1
8,chrIV:1513-1544|0,TTACGGCACACCGTGATGTACCCGCATTAAAG,TTACGGCACACCGTGATGTACCCGCATTAAAG,chrIV,1513,64,1
9,chrIV:1626-1662|0,AGTTTCTTTGCCTAAAATAGCCCAACATTGTTGCCCT,AGTTTCTTTGCCTAAAATAGCCCAACATTGTTGCCCT,chrIV,1626,74,1
10,chrIV:1664-1700|0,TTTCTATCACGAGGTTACTGAGCCATTGCATGAACGC,TTTCTATCACGAGGTTACTGAGCCATTGCATGAACGC,chrIV,1664,74,1
11,chrIV:1769-1799|0,AAAACCCCTCGAACTGCCATCTCACTACCGA,AAAACCCCTCGAACTGCCATCTCACTACCGA,chrIV,1769,62,1
12,chrIV:1832-1868|0,AGCGTAGATGTGTTATCCTTCAAACAGCTCGAATCCC,AGCGTAGATGTGTTATCCTTCAAACAGCTCGAATCCC,chrIV,1832,74,1
13,chrIV:1934-1970|0,AAGTCCTTAGCGTTTCGCATCTGGATGCTATTATGGC,AAGTCCTTAGCGTTTCGCATCTGGATGCTATTATGGC,chrIV,1934,74,1
14,chrIV:1972-2007|0,ACCACTTAGCGTCTGGTGGAAACTTTCCAACAATTG,ACCACTTAGCGTCTGGTGGAAACTTTCCAACAATTG,chrIV,1972,72,1
15,chrIV:2013-2049|0,ACCCACTTATAGTTTCACTTCTGGTCCTGTTTCTGGG,ACCCACTTATAGTTTCACTTCTGGTCCTGTTTCTGGG,chrIV,2013,74,1
16,chrIV:3814-3850|0,TGTTTCTAACGGAACTGTATTAGACCATGCGCTCAGT,TGTTTCTAACGGAACTGTATTAGACCATGCGCTCAGT,chrIV,3814,74,1
17,chrIV:3912-3948|0,ATCACCACAAAGGAAATGGCGATTCTACAACAGGACC,ATCACCACAAAGGAAATGGCGATTCTACAACAGGACC,chrIV,3912,74,1
18,chrIV:4080-4116|0,TTTTAAAACGGATAACCACCAACCCTCGTCAGTGACT,TTTTAAAACGGATAACCACCAACCCTCGTCAGTGACT,chrIV,4080,74,1
19,chrIV:4162-4198|0,TTCCTATCATGCGCCTCGAAACAACTTCCATAGTACG,TTCCTATCATGCGCCTCGAAACAACTTCCATAGTACG,chrIV,4162,74,1
20,chrIV:4199-4229|0,TGCCTGCTACTGTGAGTAGTTTACTGCCGCA,TGCCTGCTACTGTGAGTAGTTTACTGCCGCA,chrIV,4199,62,1
21,chrIV:4235-4271|0,ACACTATACTGATTCAGCATCCATCAGTAAGTGCGCG,ACACTATACTGATTCAGCATCCATCAGTAAGTGCGCG,chrIV,4235,74,1
22,chrIV:4609-4645|0,TAACCCGGAATGGAAATTGTGCACAGTACATCAATGG,TAACCCGGAATGGAAATTGTGCACAGTACATCAATGG,chrIV,4609,74,1
23,chrIV:4955-4991|0,CTTACTCGAGCTTTGAAATGAACAAGCCTAAACCGCC,CTTACTCGAGCTTTGAAATGAACAAGCCTAAACCGCC,chrIV,4955,74,1
24,chrIV:5300-5336|0,TGAAGTAGAAGAGCAGTCAGGTAGAGTGGTTATCCCA,TGAAGTAGAAGAGCAGTCAGGTAGAGTGGTTATCCCA,chrIV,5300,74,1
25,chrIV:5337-5368|0,TCAGCCAGAACCTGTCCGTAAACAGGTTGTGG,TCAGCCAGAACCTGTCCGTAAACAGGTTGTGG,chrIV,5337,64,1
26,chrIV:5446-5482|0,TCTGAAAATATGCTTCGGTTCGAATCTGTGGTCTGCA,TCTGAAAATATGCTTCGGTTCGAATCTGTGGTCTGCA,chrIV,5446,74,1
27,chrIV:5483-5518|0,GTGCAGCGTGTTGGTATTTTACCGACAGTTTTAGCG,GTGCAGCGTGTTGGTATTTTACCGACAGTTTTAGCG,chrIV,5483,72,1
28,chrIV:5521-5557|0,ATATGTATAGATCTGTCACGCTTGCAACATCGCGACA,ATATGTATAGATCTGTCACGCTTGCAACATCGCGACA,chrIV,5521,74,1
29,chrIV:5652-5688|0,TCAATGTTGGCTTTGTTCTTCTGGAGAGGAATCAGCT,TCAATGTTGGCTTTGTTCTTCTGGAGAGGAATCAGCT,chrIV,5652,74,1
30,chrIV:5705-5737|0,TTTTCTCTGCTCGAGAGTCATCGCGACATTCCA,TTTTCTCTGCTCGAGAGTCATCGCGACATTCCA,chrIV,5705,66,1
31,chrIV:5738-5769|0,CACCCCGCGTTTTACGTGCACAGAATCTTTCG,CACCCCGCGTTTTACGTGCACAGAATCTTTCG,chrIV,5738,64,1
32,chrIV:2138-2174|0,AACACACCAAGTTCTGATCCTCATGATTGGGAAGTCG,AACACACCAAGTTCTGATCCTCATGATTGGGAAGTCG,chrIV,2138,74,1
33,chrIV:2308-2344|0,AGCTGCCAAGGTTAAGTCATTTAAGGATTCTGTCCCT,AGCTGCCAAGGTTAAGTCATTTAAGGATTCTGTCCCT,chrIV,2308,74,1
34,chrIV:2349-2385|0,TCGAAGAGGCTTTGCAAGTGTATGCTACAGGATTTGA,TCGAAGAGGCTTTGCAAGTGTATGCTACAGGATTTGA,chrIV,2349,74,1
35,chrIV:2413-2442|0,AAAATCATGGAGCCCTGTTGGCCTGGAAGA,AAAATCATGGAGCCCTGTTGGCCTGGAAGA,chrIV,2413,60,1
36,chrIV:2443-2477|0,CGTTCAGCTTCCCAAGGATATTCATCGGTCCAAGC,CGTTCAGCTTCCCAAGGATATTCATCGGTCCAAGC,chrIV,2443,70,1
37,chrIV:2564-2600|0,TTTTGCCTTGCATTTCGTATCTTGTGTCCTGGATTGT,TTTTGCCTTGCATTTCGTATCTTGTGTCCTGGATTGT,chrIV,2564,74,1
38,chrIV:2605-2641|0,CCTCATGATGGTGTGGCTTTTCCAAAATATGAGGACG,CCTCATGATGGTGTGGCTTTTCCAAAATATGAGGACG,chrIV,2605,74,1
39,chrIV:2693-2728|0,ATAAATGAGCAAGAAAGTGGTGCGAATGGATGGGAC,ATAAATGAGCAAGAAAGTGGTGCGAATGGATGGGAC,chrIV,2693,72,1
40,chrIV:2825-2858|0,AGCCACTTCTTCTACCGCCTTCTATCTGCAAAGA,AGCCACTTCTTCTACCGCCTTCTATCTGCAAAGA,chrIV,2825,68,1
41,chrIV:2893-2927|0,ATGGCCATATATTAAAGAAGCGCAATTGTCCCGCA,ATGGCCATATATTAAAGAAGCGCAATTGTCCCGCA,chrIV,2893,70,1
42,chrIV:3035-3071|0,GGCGAGTGGACACTTTTATCAAGCGATTTATCATGCA,GGCGAGTGGACACTTTTATCAAGCGATTTATCATGCA,chrIV,3035,74,1
43,chrIV:3288-3324|0,AGTACTATAAAATCTTTCCGTGCGCTCAAACGGAGGC,AGTACTATAAAATCTTTCCGTGCGCTCAAACGGAGGC,chrIV,3288,74,1
44,chrIV:3451-3487|0,AGCTTTAGTTTAACCCGTAGTTCGGGATACACTTCGG,AGCTTTAGTTTAACCCGTAGTTCGGGATACACTTCGG,chrIV,3451,74,1
45,chrIV:3575-3611|0,TGCTACTTTCATATCCTCCATTAAAGCGGGAGCTACC,TGCTACTTTCATATCCTCCATTAAAGCGGGAGCTACC,chrIV,3575,74,1
46,chrIV:3639-3675|0,CGAGTGGGTTAGTTACACTAGGTGAAGGATCGTTTGC,CGAGTGGGTTAGTTACACTAGGTGAAGGATCGTTTGC,chrIV,3639,74,1
47,chrIV:3682-3718|0,ATGGTCAAGCCATTCACGGACATTGATAATAGCTGGG,ATGGTCAAGCCATTCACGGACATTGATAATAGCTGGG,chrIV,3682,74,1
48,chrIV:8919-8952|0,TTTTACCCATACCGACTTGCACCATGGTACCTCC,TTTTACCCATACCGACTTGCACCATGGTACCTCC,chrIV,8919,68,1
49,chrIV:8953-8989|0,AACCTTAGTTGTTTTGACAGCGGCATCAATGCAAACA,AACCTTAGTTGTTTTGACAGCGGCATCAATGCAAACA,chrIV,8953,74,1
50,chrIV:8990-9021|0,TCAGCACCTGAACACTCAAACACCACATCTGC,TCAGCACCTGAACACTCAAACACCACATCTGC,chrIV,8990,64,1
51,chrIV:9022-9051|0,GTGATTTCCGCCCAAAAGCTTTTGGACCCC,GTGATTTCCGCCCAAAAGCTTTTGGACCCC,chrIV,9022,60,1
52,chrIV:9052-9081|0,ATCGGCCAAGTCTTGGGCTTTATCGGTGGA,ATCGGCCAAGTCTTGGGCTTTATCGGTGGA,chrIV,9052,60,1
53,chrIV:9082-9116|0,AAACTGGGAAGAATTGAAAGTGTTTGTGGCTCCGA,AAACTGGGAAGAATTGAAAGTGTTTGTGGCTCCGA,chrIV,9082,70,1
54,chrIV:9122-9158|0,TTTGCTCTCTGTAGCTTGTTGTCGAATACATCGACGA,TTTGCTCTCTGTAGCTTGTTGTCGAATACATCGACGA,chrIV,9122,74,1
55,chrIV:9159-9188|0,AAATGACGTCGGTGGCACCAAAAGCGCGGG,AAATGACGTCGGTGGCACCAAAAGCGCGGG,chrIV,9159,60,1
56,chrIV:9189-9218|0,CGACTGCGCCAGTTAAAAGCCCCACAGGAC,CGACTGCGCCAGTTAAAAGCCCCACAGGAC,chrIV,9189,60,1
57,chrIV:9219-9254|0,CTGCACCAAATACAACAACTTTGGTACCAAAGCGGA,CTGCACCAAATACAACAACTTTGGTACCAAAGCGGA,chrIV,9219,72,1
58,chrIV:9270-9306|0,TAGAGTGTACACCGACTGATAAGGGTTCGACACAAGC,TAGAGTGTACACCGACTGATAAGGGTTCGACACAAGC,chrIV,9270,74,1
59,chrIV:9307-9336|0,GCCCTCTTCATAACTGACGCCTTCTGGCAA,GCCCTCTTCATAACTGACGCCTTCTGGCAA,chrIV,9307,60,1
60,chrIV:9369-9405|0,ACTTCACAAGAGTACCATCAATTGGAGGAGTTGCAGC,ACTTCACAAGAGTACCATCAATTGGAGGAGTTGCAGC,chrIV,9369,74,1
61,chrIV:9406-9442|0,AAATGCCATATGTGGGCAAAGGTTATAGCTCCCTTCT,AAATGCCATATGTGGGCAAAGGTTATAGCTCCCTTCT,chrIV,9406,74,1
62,chrIV:9443-9476|0,TTGGTCTCATCAGAGTAACGGCTAGGAACACCAG,TTGGTCTCATCAGAGTAACGGCTAGGAACACCAG,chrIV,9443,68,1
63,chrIV:9477-9510|0,GTTCAATAGCAACACGGTCACCAACTTTGACCCT,GTTCAATAGCAACACGGTCACCAACTTTGACCCT,chrIV,9477,68,1
64,chrIV:5770-5805|0,TAGAAGGGAGCATTTGACATCCTGTCAGCCATATGC,TAGAAGGGAGCATTTGACATCCTGTCAGCCATATGC,chrIV,5770,72,1
65,chrIV:6030-6066|0,AGTGACTCGAATGTATACCCAGGAAAGGCTAAGTCGC,AGTGACTCGAATGTATACCCAGGAAAGGCTAAGTCGC,chrIV,6030,74,1
66,chrIV:6109-6145|0,ACGGCTTAGATATTGTTCATGTTGAGTTCAGTCCGGA,ACGGCTTAGATATTGTTCATGTTGAGTTCAGTCCGGA,chrIV,6109,74,1
67,chrIV:6179-6215|0,AACAGAGATATTTGACGCTACTGAGGATGCCAAGGAG,AACAGAGATATTTGACGCTACTGAGGATGCCAAGGAG,chrIV,6179,74,1
68,chrIV:6216-6248|0,GCAGACGAAAGTGAAAGAGGAATGCCACTTGCG,GCAGACGAAAGTGAAAGAGGAATGCCACTTGCG,chrIV,6216,66,1
69,chrIV:6249-6283|0,ACAGCATTGAATACATATCCCAAGGCAGCAGCTTG,ACAGCATTGAATACATATCCCAAGGCAGCAGCTTG,chrIV,6249,70,1
70,chrIV:6307-6343|0,TAATCATGGAAGGGTACGACACAGCTATTCTTGGAGC,TAATCATGGAAGGGTACGACACAGCTATTCTTGGAGC,chrIV,6307,74,1
71,chrIV:6389-6425|0,TGACAAAACTGGAGAATGGGAAATTTCAGCGTCATGG,TGACAAAACTGGAGAATGGGAAATTTCAGCGTCATGG,chrIV,6389,74,1
72,chrIV:6430-6466|0,TCGGGCTGACCTTATGTTATATGGCAGGTGAAATTGT,TCGGGCTGACCTTATGTTATATGGCAGGTGAAATTGT,chrIV,6430,74,1
73,chrIV:6469-6498|0,GGCTACAGCTAACGGGGCCCTCCGTGGATC,GGCTACAGCTAACGGGGCCCTCCGTGGATC,chrIV,6469,60,1
74,chrIV:6565-6601|0,ACTTTTGCAATAGTTTAGGCATGATTGCTGTGGGACA,ACTTTTGCAATAGTTTAGGCATGATTGCTGTGGGACA,chrIV,6565,74,1
75,chrIV:6602-6631|0,AGCATTGTGCGGGATGCCATGGGGTTGTTT,AGCATTGTGCGGGATGCCATGGGGTTGTTT,chrIV,6602,60,1
76,chrIV:6633-6669|0,CAGTGTTTGACGGTGTCTTACGCTTCTGAAATATGCC,CAGTGTTTGACGGTGTCTTACGCTTCTGAAATATGCC,chrIV,6633,74,1
77,chrIV:6792-6828|0,AAACTACCATTTGCCCTACAGTGGATTTTGCCAGTTC,AAACTACCATTTGCCCTACAGTGGATTTTGCCAGTTC,chrIV,6792,74,1
78,chrIV:6896-6932|0,TGAGGCAAGGAGATCACTTAGAAGAACTTTAAGCGGC,TGAGGCAAGGAGATCACTTAGAAGAACTTTAAGCGGC,chrIV,6896,74,1
79,chrIV:7057-7093|0,ATCGAAGAAGAACGAGAATTACTTGTCTCTGCTGGGC,ATCGAAGAAGAACGAGAATTACTTGTCTCTGCTGGGC,chrIV,7057,74,1
80,chrIV:7143-7179|0,TACGAAAAGGCTGGCGTTAGTACTGAAATGTCCTTCA,TACGAAAAGGCTGGCGTTAGTACTGAAATGTCCTTCA,chrIV,7143,74,1
81,chrIV:7202-7238|0,TCTCGGTATTTGTGCTACATTTCTATCTTGGTGGGCG,TCTCGGTATTTGTGCTACATTTCTATCTTGGTGGGCG,chrIV,7202,74,1
82,chrIV:7257-7293|0,TATGACCTTTACGCTTTTGGACTAGCCTTCCAAACCA,TATGACCTTTACGCTTTTGGACTAGCCTTCCAAACCA,chrIV,7257,74,1
83,chrIV:7300-7334|0,TTTTCATTATTGGCGGTTTGGGGTGCTCAAGTACG,TTTTCATTATTGGCGGTTTGGGGTGCTCAAGTACG,chrIV,7300,70,1
84,chrIV:7336-7372|0,ACGGTTCCAAAATGGGAAGTGGTTCTCTTTTAATGGC,ACGGTTCCAAAATGGGAAGTGGTTCTCTTTTAATGGC,chrIV,7336,74,1
85,chrIV:7518-7554|0,TTATACCAACTGAACTCTAAGAAGTGGAACTGGGGCG,TTATACCAACTGAACTCTAAGAAGTGGAACTGGGGCG,chrIV,7518,74,1
86,chrIV:7593-7628|0,ACTTTAATCTGGGCTGTGGTTGACCTACCAGAAACT,ACTTTAATCTGGGCTGTGGTTGACCTACCAGAAACT,chrIV,7593,72,1
87,chrIV:7728-7760|0,CCCCTAAAGACGTCTCTCATAACGACCCCAAGG,CCCCTAAAGACGTCTCTCATAACGACCCCAAGG,chrIV,7728,66,1
88,chrIV:7767-7803|0,TCGAAGCTTCCATTGCAGAGGAATAGCAATGTATCCC,TCGAAGCTTCCATTGCAGAGGAATAGCAATGTATCCC,chrIV,7767,74,1
89,chrIV:7993-8028|0,AGAGAAAAGATTCTTTCTCATCCGAGTATGGCGCGT,AGAGAAAAGATTCTTTCTCATCCGAGTATGGCGCGT,chrIV,7993,72,1
90,chrIV:8084-8120|0,GTCATAGTAACAGTCTGGGCACTCACTTCGTACATCC,GTCATAGTAACAGTCTGGGCACTCACTTCGTACATCC,chrIV,8084,74,1
91,chrIV:8165-8201|0,AATCTCGAATGAGCAGTTCTGGCAGTACTGAAACTGA,AATCTCGAATGAGCAGTTCTGGCAGTACTGAAACTGA,chrIV,8165,74,1
92,chrIV:8256-8292|0,TGCCGTCAAATTATATGTACAGTAGCTACCAGAGCGG,TGCCGTCAAATTATATGTACAGTAGCTACCAGAGCGG,chrIV,8256,74,1
93,chrIV:8701-8737|0,AATAGTCTTGACTACCTCTCCACCATGGGCAATGTTG,AATAGTCTTGACTACCTCTCCACCATGGGCAATGTTG,chrIV,8701,74,1
94,chrIV:8777-8813|0,TGGGTTATCAATGGCTTGACATTGACTTTTCCTGTGG,TGGGTTATCAATGGCTTGACATTGACTTTTCCTGTGG,chrIV,8777,74,1
95,chrIV:8814-8846|0,CAACCAAGTTCACAGCGTCACGATAATCACCGA,CAACCAAGTTCACAGCGTCACGATAATCACCGA,chrIV,8814,66,1
96,chrIV:9511-9540|0,TGTGACGGCATCACCAACTTCCACAACCTG,TGTGACGGCATCACCAACTTCCACAACCTG,chrIV,9511,60,1
97,chrIV:9541-9573|0,TCCGCTTGATTCATGACCTAAAACCATTGGCGC,TCCGCTTGATTCATGACCTAAAACCATTGGCGC,chrIV,9541,66,1
98,chrIV:9619-9652|0,ATCAGAGCCGCAGATACCAGTGGCTTTAATAGCT,ATCAGAGCCGCAGATACCAGTGGCTTTAATAGCT,chrIV,9619,68,1
99,chrIV:9667-9700|0,GGGGTCCTTAATGGTAGGGATTGGTCTTTGCTCG,GGGGTCCTTAATGGTAGGGATTGGTCTTTGCTCG,chrIV,9667,68,1
100,chrIV:9701-9737|0,ATGGCAATATCGCCGACTTTCTCTAGAACTACTGCAG,ATGGCAATATCGCCGACTTTCTCTAGAACTACTGCAG,chrIV,9701,74,1
101,chrIV:9933-9969|0,AGATGGAAGAAATGCGGTTAGCAAGGTGATACAGAGG,AGATGGAAGAAATGCGGTTAGCAAGGTGATACAGAGG,chrIV,9933,74,1
102,chrIV:9970-10003|0,CTTCATGTGACCGGAGAAAGGAGATACGAGACCG,CTTCATGTGACCGGAGAAAGGAGATACGAGACCG,chrIV,9970,68,1
103,chrIV:10081-10117|0,CTGAACGAAGTTCCTTCATTATTCACCCCAACCAAGC,CTGAACGAAGTTCCTTCATTATTCACCCCAACCAAGC,chrIV,10081,74,1
104,chrIV:10118-10150|0,CCGATGGTTCCTGAAGCTAGGCGTAACTTTCCA,CCGATGGTTCCTGAAGCTAGGCGTAACTTTCCA,chrIV,10118,66,1
105,chrIV:10151-10186|0,ACTTCAACATAGATTTTGCCACTCGGCAGTAGCTGT,ACTTCAACATAGATTTTGCCACTCGGCAGTAGCTGT,chrIV,10151,72,1
106,chrIV:10206-10242|0,TGCACCTATATGTGCCTAAAACTTACTCTCCTGCAGG,TGCACCTATATGTGCCTAAAACTTACTCTCCTGCAGG,chrIV,10206,74,1
107,chrIV:10303-10332|0,CCCCGTAATTTGTTTGCCTTCATGCCTGCC,CCCCGTAATTTGTTTGCCTTCATGCCTGCC,chrIV,10303,60,1
108,chrIV:10333-10366|0,TCTCCTTGTCTCAGGTCACACCATTCACGATTCC,TCTCCTTGTCTCAGGTCACACCATTCACGATTCC,chrIV,10333,68,1
109,chrIV:10368-10404|0,TCATGCCTGCTACCGATTTAGTAGTAAGAAAAGCCGT,TCATGCCTGCTACCGATTTAGTAGTAAGAAAAGCCGT,chrIV,10368,74,1
110,chrIV:10432-10465|0,TTTTCCTTGGAATTGTTAGCCCGCCTTTTGGTCG,TTTTCCTTGGAATTGTTAGCCCGCCTTTTGGTCG,chrIV,10432,68,1
111,chrIV:10558-10594|0,ACAGATGAACGGTTCTATAGTTTCAGTGGACGTAGCG,ACAGATGAACGGTTCTATAGTTTCAGTGGACGTAGCG,chrIV,10558,74,1
112,chrIV:10819-10855|0,TGGACATATGCCGACTTAAATGCTAAAACCCTCGACT,TGGACATATGCCGACTTAAATGCTAAAACCCTCGACT,chrIV,10819,74,1
113,chrIV:10923-10959|0,TAGTGGCAGATGCTCCTTGAACTACTAATGACCCAGG,TAGTGGCAGATGCTCCTTGAACTACTAATGACCCAGG,chrIV,10923,74,1
114,chrIV:10960-10991|0,TCACCCAGAGAGGTCAGAGACTTTGTACGGGT,TCACCCAGAGAGGTCAGAGACTTTGTACGGGT,chrIV,10960,64,1
115,chrIV:11049-11085|0,TGTTGTGTGGAAACATGCCTCAAAATGTTTTCACCGC,TGTTGTGTGGAAACATGCCTCAAAATGTTTTCACCGC,chrIV,11049,74,1
116,chrIV:11104-11140|0,ATTTGCCAAGTTAACGAAGCATGAGAAAGTTTGCCCC,ATTTGCCAAGTTAACGAAGCATGAGAAAGTTTGCCCC,chrIV,11104,74,1
117,chrIV:11160-11196|0,ATCTCTTCTAATATGATGGTTGTTTGTGCGGCCACGC,ATCTCTTCTAATATGATGGTTGTTTGTGCGGCCACGC,chrIV,11160,74,1
118,chrIV:11285-11320|0,AGAGGAATGGTACAGTGTTACGTTCCTGGAAATGCA,AGAGGAATGGTACAGTGTTACGTTCCTGGAAATGCA,chrIV,11285,72,1
119,chrIV:11333-11369|0,TTCCATAAGCACTCAAGTGGACCTATGTTGACTTCCC,TTCCATAAGCACTCAAGTGGACCTATGTTGACTTCCC,chrIV,11333,74,1
120,chrIV:11372-11408|0,TCTTCATCACCACTCCGTTTTCACTCCATAAGCATCC,TCTTCATCACCACTCCGTTTTCACTCCATAAGCATCC,chrIV,11372,74,1
121,chrIV:11439-11475|0,AACAGAACTTCGTACAATGTTGCCTTAACCAAACGCT,AACAGAACTTCGTACAATGTTGCCTTAACCAAACGCT,chrIV,11439,74,1
122,chrIV:11688-11724|0,TCTTTCCAGCTTTTCTTCTTAGCCTCAGTTTCCCTGG,TCTTTCCAGCTTTTCTTCTTAGCCTCAGTTTCCCTGG,chrIV,11688,74,1
123,chrIV:11725-11754|0,AAGAAGCTCCTCTCCTTGAGGGTGGTACCC,AAGAAGCTCCTCTCCTTGAGGGTGGTACCC,chrIV,11725,60,1
124,chrIV:11980-12016|0,TTGCTTTAGATTTGACCTTCGAAGGGAATGACTCGGC,TTGCTTTAGATTTGACCTTCGAAGGGAATGACTCGGC,chrIV,11980,74,1
125,chrIV:12017-12048|0,AACCACAATATAAGCAACAGGGGCCCATGTCG,AACCACAATATAAGCAACAGGGGCCCATGTCG,chrIV,12017,64,1
126,chrIV:12066-12102|0,TAGAAGCATGTGAACACAATCATGGCATTACCTGCAC,TAGAAGCATGTGAACACAATCATGGCATTACCTGCAC,chrIV,12066,74,1
127,chrIV:12103-12133|0,CTTTCGAGGATGGACCATCCTGGCCATGAGG,CTTTCGAGGATGGACCATCCTGGCCATGAGG,chrIV,12103,62,1
128,chrIV:12147-12183|0,ACCCCGATACTTGCAAATATGACCATACAAGCCATCA,ACCCCGATACTTGCAAATATGACCATACAAGCCATCA,chrIV,12147,74,1
129,chrIV:12184-12218|0,TTGAAGCCGCTCCGAATAACAGACATTTACGACGG,TTGAAGCCGCTCCGAATAACAGACATTTACGACGG,chrIV,12184,70,1
130,chrIV:12263-12299|0,ATTCACTGTACCTAGGACGATCGAAGTCTCAAACCCA,ATTCACTGTACCTAGGACGATCGAAGTCTCAAACCCA,chrIV,12263,74,1
131,chrIV:12416-12452|0,TGTTTTGACGGAGAAAAGTTCTTTCCATGAGGCTTCC,TGTTTTGACGGAGAAAAGTTCTTTCCATGAGGCTTCC,chrIV,12416,74,1
132,chrIV:12453-12482|0,CCTAGTTCTCTTTGGGCAAGGACACCGGCG,CCTAGTTCTCTTTGGGCAAGGACACCGGCG,chrIV,12453,60,1
133,chrIV:12483-12519|0,TTGATTTCATCAGCCTGTTTGAGTACCCATGGATCCT,TTGATTTCATCAGCCTGTTTGAGTACCCATGGATCCT,chrIV,12483,74,1
134,chrIV:12520-12553|0,CTGGTGAAACCTTGTTGATCTTGGCGATGGAGAC,CTGGTGAAACCTTGTTGATCTTGGCGATGGAGAC,chrIV,12520,68,1
135,chrIV:12589-12624|0,ATCTTGGGGACTCTGGAACTAATAACATGCCAACGA,ATCTTGGGGACTCTGGAACTAATAACATGCCAACGA,chrIV,12589,72,1
136,chrIV:12625-12661|0,TGATAATTAGAGCCCACAGAAAGCATAGTCCCACAGG,TGATAATTAGAGCCCACAGAAAGCATAGTCCCACAGG,chrIV,12625,74,1
137,chrIV:12747-12783|0,TGGTACAATGAGACAAGTCCACCTCTCAAATCTGTGG,TGGTACAATGAGACAAGTCCACCTCTCAAATCTGTGG,chrIV,12747,74,1
138,chrIV:12790-12826|0,TTTCAGATAAAAGCATTGGACACAACACCGAACAGCC,TTTCAGATAAAAGCATTGGACACAACACCGAACAGCC,chrIV,12790,74,1
139,chrIV:12827-12859|0,ACCAGCACCAAGACCGTAGATGATCTTACCGAC,ACCAGCACCAAGACCGTAGATGATCTTACCGAC,chrIV,12827,66,1
140,chrIV:12937-12973|0,TTGCTAGCCTTCTACCTAAAGTATCAGCAAGTCTCGC,TTGCTAGCCTTCTACCTAAAGTATCAGCAAGTCTCGC,chrIV,12937,74,1
141,chrIV:12974-13006|0,AAAAGCAACACCGCCAATGGAACATCCTACACT,AAAAGCAACACCGCCAATGGAACATCCTACACT,chrIV,12974,66,1
142,chrIV:13007-13036|0,GAACATGGCCACGAGAAGACCCATACGCAC,GAACATGGCCACGAGAAGACCCATACGCAC,chrIV,13007,60,1
143,chrIV:13103-13139|0,ATTGATGAAGCCTGCAGTAATACCACTATCCCAACCA,ATTGATGAAGCCTGCAGTAATACCACTATCCCAACCA,chrIV,13103,74,1
144,chrIV:1-30|0,ACACCACACCCACACCACACCCACACACAC,ACACCACACCCACACCACACCCACACACAC,chrIV,1,60,1
145,chrIV:1-30|0,ACACCACACCCACACCACACCCACACACAC,ACACCACACCCACACCACACCCACACACNN,chrIII,6,56,0
146,chrIV:1-30|0,ACACCACACCCACACCACACCCACACACAC,ACACCACACCCACACCACACCCACACACNN,chrIII,63,56,0
147,chrIV:1-30|0,ACACCACAC-CCACACCACACCCACACACAC,ACACCACACACCACACCACACCCACACACAC,chrI,29,52,0
148,chrIV:1-30|0,ACACCACACCCACACCACACCCACACACAC,ACACCACACCCACACCACACCCACACCCAC,chrIII,182,52,0
149,chrIV:1-30|0,ACACCACACCCACACCACACCCACACACAC,ACACCACACCCACACCACACCCACACCCAC,chrIII,322,52,0
150,chrIV:1-30|0,ACACCACACCCACACCACACCCACACACAC,NNNNCACACCCACACCACACCCACACACNN,chrIII,273,48,0
151,chrIV:31-60|0,CACACCCACACACCACACCCACACCCACAC,CACACCCACACACCACACCCACACCCACAC,chrIII,203,60,0
152,chrIV:31-60|0,CACACCCACACACCACACCCACACCCACAC,CACACCCACACACCACACCCACACCCACAC,chrIV,117,60,0
153,chrIV:31-60|0,CACACCCACACACCACACCCACACCCACAC,CACACCCACACACCACACCCACACCCACAC,chrIV,31,60,1
154,chrIV:31-60|0,CACACCCACACACCACACCCACACCCACAC,CACACCCACACACCACACCCACACACACAC,chrIII,136,52,0
155,chrIV:31-60|0,CACACCCACACACCACACC--CACACCCACAC,CACACCCACACACCACACCCACACACCCACAC,chrIII,284,49,0
156,chrIV:31-60|0,CACACCCACACACCACACCCACACCCACAC,CACACCCACACACCACACCCACACACACNN,chrIII,235,48,0
157,chrIV:31-60|0,CACACCCACACACCACACCCACACCCACAC,CACACCCACACACCACACCCACACACACNN,chrIII,92,48,0
158,chrIV:61-90|0,ACCCACACCCACACACCACACACCACACCA,ACCCACACCCACACACCACACACCACACCA,chrIV,61,60,1
159,chrIV:61-90|0,ACCCACACCCACACACCACACACCACACCA,ACCCACACCCACACACCACAC-CCACACCN,chrIV,114,48,0
160,chrIV:61-90|0,ACCCACACCCACACACCACACACCACACCA,ACCCACACCCACACACCACAC-CCACACCN,chrIII,200,48,0
161,chrIV:100-129|0,CACACCCACACCACACCCACACCCACACAC,CACACCCACACCACACCCACACCCACACAC,chrIV,100,60,1
162,chrIV:100-129|0,CACACCCACACCACACCCACACCCACACAC,CACACCCACACCACACCCACACCCACACAC,chrIII,186,60,0
163,chrIV:100-129|0,CACACCCACACCACACCCACACCCACACAC,CACACCCACACCACACCCACACCCACACAC,chrIII,326,60,0
164,chrIV:100-129|0,CACACCCACACCACACCCACAC-CCACACAC,CACACCCACACCACACCCACACACCACACAC,chrIII,10,52,0
165,chrIV:100-129|0,CACACC--CACACCACACCCACACCCACACAC,CACACCCACACACCACACCCACACCCACACAC,chrIV,31,49,0
166,chrIV:100-129|0,CACACC--CACACCACACCCACACCCACACAC,CACACCCACACACCACACCCACACCCACACAC,chrIV,117,49,0
167,chrIV:100-129|0,CACACCCACACCACACCCACAC-CCACACAC,CACACCCACACCACACCCACACACCACACNN,chrIII,273,48,0
168,chrIV:130-159|0,CACACCCACACCCACACACCACACACTACC,CACACCCACACCCACACACCACACACTACC,chrIV,130,60,1
169,chrIV:130-159|0,CACACCCACACCCACACACCACACACTACC,CACACCCACACCCACACACCACACACNNNN,chrIV,58,52,0
170,chrIV:130-159|0,CACACCCACACCCACACACCACACACTACC,CACACCCACACCCACACACCACACNNNNNN,chrIII,197,48,0
171,chrIV:130-159|0,CACACCCACACCCACACACCACACACTACC,CACACCCACACCCACACACCACACNNNNNN,chrIV,111,48,0
172,chrIV:130-159|0,CACACCCACACCCACACACCACACACTACC,CACACCCACACCCACACACCACACNNNNNN,chrIII,130,48,0
173,chrIV:130-159|0,CACACCCACACCCACACACCACACACTACC,CACACCCACACCCACACACCACACNNNNNN,chrIII,86,48,0
174,chrIV:179-214|0,AACCCTGATTTTACCTGTCTCCAAACCTACCCTCAC,AACCCTGATTTTACCTGTCTCCAAACCTACCCTCAC,chrIV,179,72,1
175,chrIV:215-244|0,ATTACCCTACCTCCCCACTCGTTACCCTGC,ATTACCCTACCTCCCCACTCGTTACCCTGC,chrIV,215,60,1
176,chrIV:245-274|0,CCCACTCAACCATCCACTCCCAACCACCAT,CCCACTCAACCATCCACTCCCAACCACCAT,chrIV,245,60,1
177,chrIV:275-309|0,CCATCTCTCTACTTACCACTAACCACCGTCCACCA,CCATCTCTCTACTTACCACTAACCACCGTCCACCA,chrIV,275,70,1
178,chrIV:311-346|0,AACCGTTACCCTCCAATTACCCATATCCAACTCCAC,AACCGTTACCCTCCAATTACCCATATCCAACTCCAC,chrIV,311,72,1
179,chrIV:311-346|0,AACCGTTACCCTCCAATTACCCATATCCAACTCCAC,NACCGTTACCCTCCAATTACCCATATCCAAC-CCAC,chrI,215,60,0
180,chrIV:348-384|0,ACCACTTACCCTACTATTACCCTACCATCCACCATGT,ACCACTTACCCTACTATTACCCTACCATCCACCATGT,chrIV,348,74,1
181,chrIV:348-384|0,ACCACTTACCCTACTATTACCCTACCATCCACCATGT,NCCACTTACCCTACCATTACCCTACCATCCACCATGN,chrI,251,62,0
182,chrIV:456-491|0,ACTTACCCTACCACTCTATACCACCACTACCACCAC,ACTTACCCTACCACTCTATACCACCACTACCACCAC,chrIV,456,72,1
183,chrIV:492-521|0,CGCCACTTGCCACACTCACCTTCACTTCTA,CGCCACTTGCCACACTCACCTTCACTTCTA,chrIV,492,60,1
184,chrIV:566-602|0,AAACTTACCCTACTTTCATATTCCACACCATGGCCCC,AAACTTACCCTACTTTCATATTCCACACCATGGCCCC,chrIV,566,74,1
185,chrIV:566-602|0,AAACTTACCCTACTTTCATATTCCACACCATGGCCCC,AAACTTACCCTACTTTCATATTCCACTCCATNNNNNN,chrIII,762,54,0
186,chrIV:619-655|0,TACCAAATGCACTCACATCATTATTCACGGCACTTGC,TACCAAATGCACTCACATCATTATTCACGGCACTTGC,chrIV,619,74,1
187,chrIV:619-655|0,TACCAAATGCACTCACATCATTATTCACGGCACTTGC,TACCAAATGCACTCACATCATTATGCACGGCACTTGC,chrI,516,66,0
188,chrIV:656-686|0,CTCAGCGGTCTATACCCTGTGCCATTTACGC,CTCAGCGGTCTATACCCTGTGCCATTTACGC,chrIII,850,62,0
189,chrIV:656-686|0,CTCAGCGGTCTATACCCTGTGCCATTTACGC,CTCAGCGGTCTATACCCTGTGCCATTTACGC,chrIV,656,62,1
190,chrIV:656-686|0,CTCAGCGGTCTATACCCTGTGCCATTTACGC,CTCAGCGGTCTATACCCTGTGCCATTTACNN,chrI,553,58,0
191,chrIV:14816-14852|0,TTCATACCTGGGGTGGCCGTTTCATATTTCTGTTTCT,TTCATACCTGGGGTGGCCGTTTCATATTTCTGTTTCT,chrIV,14816,74,1
192,chrIV:13198-13227|0,AAAAGCCTCTCTTCGGTGCGTCTGGCGTAT,AAAAGCCTCTCTTCGGTGCGTCTGGCGTAT,chrIV,13198,60,1
193,chrIV:13245-13281|0,TTGTCATAAAACCCGTCTGACCATTCTTTCTCTCCGG,TTGTCATAAAACCCGTCTGACCATTCTTTCTCTCCGG,chrIV,13245,74,1
194,chrIV:13282-13313|0,GTGGCTGTACATGAACGTCAGCTGCACTACTG,GTGGCTGTACATGAACGTCAGCTGCACTACTG,chrIV,13282,64,1
195,chrIV:13322-13357|0,ATCTGCATTAATTTCTGGTGAGGACTGTTCGCTTGC,ATCTGCATTAATTTCTGGTGAGGACTGTTCGCTTGC,chrIV,13322,72,1
196,chrIV:13474-13510|0,ATACGTTTGAAAGTTGGTGATTACAGGCCAACACTGG,ATACGTTTGAAAGTTGGTGATTACAGGCCAACACTGG,chrIV,13474,74,1
197,chrIV:13597-13633|0,TATTGAAAGGTTCAAGATGCGCAGTACAAGTCCTCGT,TATTGAAAGGTTCAAGATGCGCAGTACAAGTCCTCGT,chrIV,13597,74,1
198,chrIV:13646-13682|0,TCTACCTTGCCTGACTTCTTTGCTAAATTGTGCCTCT,TCTACCTTGCCTGACTTCTTTGCTAAATTGTGCCTCT,chrIV,13646,74,1
199,chrIV:13683-13714|0,GCGCAGTGCACGTTCAAAAGAAAAGCATACCC,GCGCAGTGCACGTTCAAAAGAAAAGCATACCC,chrIV,13683,64,1
200,chrIV:13784-13820|0,AAATAATTTTGCCTGCAGCAGGCTAGCTGCATATTCA,AAATAATTTTGCCTGCAGCAGGCTAGCTGCATATTCA,chrIV,13784,74,1
201,chrIV:13846-13882|0,TACGAGACGGAGTTAAGCAAAACGGAGTTAACACAGG,TACGAGACGGAGTTAAGCAAAACGGAGTTAACACAGG,chrIV,13846,74,1
202,chrIV:14229-14265|0,TTGTTCAACGTTGCTTTTACCTCTGGCAATACTCCAC,TTGTTCAACGTTGCTTTTACCTCTGGCAATACTCCAC,chrIV,14229,74,1
203,chrIV:14269-14305|0,ATTTCAGGATTTGCTGCCAAAGTCCATTTTGTGCAAG,ATTTCAGGATTTGCTGCCAAAGTCCATTTTGTGCAAG,chrIV,14269,74,1
204,chrIV:14374-14410|0,TCTGAGAAATTATGACGGAAGAATGTAAGCTGCCGGT,TCTGAGAAATTATGACGGAAGAATGTAAGCTGCCGGT,chrIV,14374,74,1
205,chrIV:14429-14465|0,TTGCAAAGGAATTTTGAGAATTTATGGCTCGACGGCG,TTGCAAAGGAATTTTGAGAATTTATGGCTCGACGGCG,chrIV,14429,74,1
206,chrIV:14510-14546|0,AATATTATCCAGCAGCTGTTCTCCCATATAGTGCGCC,AATATTATCCAGCAGCTGTTCTCCCATATAGTGCGCC,chrIV,14510,74,1
207,chrIV:14722-14758|0,AGCAGTATTGCAACAAGGCGTTACAGTCTTTGTTACC,AGCAGTATTGCAACAAGGCGTTACAGTCTTTGTTACC,chrIV,14722,74,1
